STATES,Series Id,year,Unnamed: 0,lat,lng,yearlyChange
Alabama,LASST010000000000003,1996,0,32.3182314,-86.902298,-0.20000000000000018
Alabama,LASST010000000000003,1997,0,32.3182314,-86.902298,-0.8999999999999995
Alabama,LASST010000000000003,1998,0,32.3182314,-86.902298,0.20000000000000018
Alabama,LASST010000000000003,1999,0,32.3182314,-86.902298,0.2999999999999998
Alabama,LASST010000000000003,2000,0,32.3182314,-86.902298,-0.10000000000000053
Alabama,LASST010000000000003,2001,0,32.3182314,-86.902298,1.2999999999999998
Alabama,LASST010000000000003,2002,0,32.3182314,-86.902298,-0.2999999999999998
Alabama,LASST010000000000003,2003,0,32.3182314,-86.902298,0.20000000000000018
Alabama,LASST010000000000003,2004,0,32.3182314,-86.902298,-0.7999999999999998
Alabama,LASST010000000000003,2005,0,32.3182314,-86.902298,-0.8999999999999995
Alabama,LASST010000000000003,2006,0,32.3182314,-86.902298,-0.19999999999999973
Alabama,LASST010000000000003,2007,0,32.3182314,-86.902298,0.3999999999999999
Alabama,LASST010000000000003,2008,0,32.3182314,-86.902298,3.6999999999999993
Alabama,LASST010000000000003,2009,0,32.3182314,-86.902298,2.9000000000000004
Alabama,LASST010000000000003,2010,0,32.3182314,-86.902298,-1.3999999999999986
Alabama,LASST010000000000003,2011,0,32.3182314,-86.902298,-1.8999999999999986
Alabama,LASST010000000000003,2012,0,32.3182314,-86.902298,-0.5
Alabama,LASST010000000000003,2013,0,32.3182314,-86.902298,-0.20000000000000018
Alabama,LASST010000000000003,2014,0,32.3182314,-86.902298,-1.1000000000000005
Alabama,LASST010000000000003,2015,0,32.3182314,-86.902298,0.0
Alabama,LASST010000000000003,2016,0,32.3182314,-86.902298,-0.2999999999999998
Alaska,LASST020000000000003,1996,1,64.2008413,-149.4936733,-0.20000000000000018
Alaska,LASST020000000000003,1997,1,64.2008413,-149.4936733,-0.9000000000000004
Alaska,LASST020000000000003,1998,1,64.2008413,-149.4936733,0.09999999999999964
Alaska,LASST020000000000003,1999,1,64.2008413,-149.4936733,-0.20000000000000018
Alaska,LASST020000000000003,2000,1,64.2008413,-149.4936733,0.10000000000000053
Alaska,LASST020000000000003,2001,1,64.2008413,-149.4936733,0.40000000000000036
Alaska,LASST020000000000003,2002,1,64.2008413,-149.4936733,0.7999999999999998
Alaska,LASST020000000000003,2003,1,64.2008413,-149.4936733,0.09999999999999964
Alaska,LASST020000000000003,2004,1,64.2008413,-149.4936733,-0.5
Alaska,LASST020000000000003,2005,1,64.2008413,-149.4936733,-0.1999999999999993
Alaska,LASST020000000000003,2006,1,64.2008413,-149.4936733,-0.5
Alaska,LASST020000000000003,2007,1,64.2008413,-149.4936733,0.10000000000000053
Alaska,LASST020000000000003,2008,1,64.2008413,-149.4936733,0.5
Alaska,LASST020000000000003,2009,1,64.2008413,-149.4936733,0.9000000000000004
Alaska,LASST020000000000003,2010,1,64.2008413,-149.4936733,-0.20000000000000018
Alaska,LASST020000000000003,2011,1,64.2008413,-149.4936733,-0.39999999999999947
Alaska,LASST020000000000003,2012,1,64.2008413,-149.4936733,-0.40000000000000036
Alaska,LASST020000000000003,2013,1,64.2008413,-149.4936733,0.0
Alaska,LASST020000000000003,2014,1,64.2008413,-149.4936733,-0.5
Alaska,LASST020000000000003,2015,1,64.2008413,-149.4936733,0.20000000000000018
Alaska,LASST020000000000003,2016,1,64.2008413,-149.4936733,0.20000000000000018
Arizona,LASST040000000000003,1996,2,34.048928100000005,-111.0937311,0.0
Arizona,LASST040000000000003,1997,2,34.048928100000005,-111.0937311,-0.9000000000000004
Arizona,LASST040000000000003,1998,2,34.048928100000005,-111.0937311,0.20000000000000018
Arizona,LASST040000000000003,1999,2,34.048928100000005,-111.0937311,-0.2999999999999998
Arizona,LASST040000000000003,2000,2,34.048928100000005,-111.0937311,-0.19999999999999973
Arizona,LASST040000000000003,2001,2,34.048928100000005,-111.0937311,1.7000000000000002
Arizona,LASST040000000000003,2002,2,34.048928100000005,-111.0937311,0.1999999999999993
Arizona,LASST040000000000003,2003,2,34.048928100000005,-111.0937311,-0.5999999999999996
Arizona,LASST040000000000003,2004,2,34.048928100000005,-111.0937311,-0.5
Arizona,LASST040000000000003,2005,2,34.048928100000005,-111.0937311,-0.2999999999999998
Arizona,LASST040000000000003,2006,2,34.048928100000005,-111.0937311,-0.6000000000000001
Arizona,LASST040000000000003,2007,2,34.048928100000005,-111.0937311,0.3999999999999999
Arizona,LASST040000000000003,2008,2,34.048928100000005,-111.0937311,3.5
Arizona,LASST040000000000003,2009,2,34.048928100000005,-111.0937311,2.5
Arizona,LASST040000000000003,2010,2,34.048928100000005,-111.0937311,-1.0
Arizona,LASST040000000000003,2011,2,34.048928100000005,-111.0937311,-1.0
Arizona,LASST040000000000003,2012,2,34.048928100000005,-111.0937311,-0.7999999999999989
Arizona,LASST040000000000003,2013,2,34.048928100000005,-111.0937311,-0.5
Arizona,LASST040000000000003,2014,2,34.048928100000005,-111.0937311,-0.7999999999999998
Arizona,LASST040000000000003,2015,2,34.048928100000005,-111.0937311,-0.7000000000000002
Arizona,LASST040000000000003,2016,2,34.048928100000005,-111.0937311,-0.39999999999999947
Arkansas,LASST050000000000003,1996,3,35.20105,-91.83183340000001,0.20000000000000018
Arkansas,LASST050000000000003,1997,3,35.20105,-91.83183340000001,-0.09999999999999964
Arkansas,LASST050000000000003,1998,3,35.20105,-91.83183340000001,-0.2999999999999998
Arkansas,LASST050000000000003,1999,3,35.20105,-91.83183340000001,-0.39999999999999947
Arkansas,LASST050000000000003,2000,3,35.20105,-91.83183340000001,0.0
Arkansas,LASST050000000000003,2001,3,35.20105,-91.83183340000001,0.9000000000000004
Arkansas,LASST050000000000003,2002,3,35.20105,-91.83183340000001,0.0
Arkansas,LASST050000000000003,2003,3,35.20105,-91.83183340000001,0.3000000000000007
Arkansas,LASST050000000000003,2004,3,35.20105,-91.83183340000001,-0.40000000000000036
Arkansas,LASST050000000000003,2005,3,35.20105,-91.83183340000001,-0.40000000000000036
Arkansas,LASST050000000000003,2006,3,35.20105,-91.83183340000001,0.20000000000000018
Arkansas,LASST050000000000003,2007,3,35.20105,-91.83183340000001,-0.10000000000000053
Arkansas,LASST050000000000003,2008,3,35.20105,-91.83183340000001,1.7999999999999998
Arkansas,LASST050000000000003,2009,3,35.20105,-91.83183340000001,1.0999999999999996
Arkansas,LASST050000000000003,2010,3,35.20105,-91.83183340000001,0.20000000000000107
Arkansas,LASST050000000000003,2011,3,35.20105,-91.83183340000001,-0.7000000000000002
Arkansas,LASST050000000000003,2012,3,35.20105,-91.83183340000001,-0.20000000000000018
Arkansas,LASST050000000000003,2013,3,35.20105,-91.83183340000001,-0.6000000000000005
Arkansas,LASST050000000000003,2014,3,35.20105,-91.83183340000001,-1.0
Arkansas,LASST050000000000003,2015,3,35.20105,-91.83183340000001,-1.2999999999999998
Arkansas,LASST050000000000003,2016,3,35.20105,-91.83183340000001,-0.5
California,LASST060000000000003,1996,4,36.778261,-119.4179324,-0.7999999999999998
California,LASST060000000000003,1997,4,36.778261,-119.4179324,-0.7999999999999998
California,LASST060000000000003,1998,4,36.778261,-119.4179324,-0.2999999999999998
California,LASST060000000000003,1999,4,36.778261,-119.4179324,-0.5999999999999996
California,LASST060000000000003,2000,4,36.778261,-119.4179324,-0.2999999999999998
California,LASST060000000000003,2001,4,36.778261,-119.4179324,1.6000000000000005
California,LASST060000000000003,2002,4,36.778261,-119.4179324,0.2999999999999998
California,LASST060000000000003,2003,4,36.778261,-119.4179324,-0.20000000000000018
California,LASST060000000000003,2004,4,36.778261,-119.4179324,-0.7000000000000002
California,LASST060000000000003,2005,4,36.778261,-119.4179324,-0.7000000000000002
California,LASST060000000000003,2006,4,36.778261,-119.4179324,-0.09999999999999964
California,LASST060000000000003,2007,4,36.778261,-119.4179324,1.0
California,LASST060000000000003,2008,4,36.778261,-119.4179324,3.1999999999999993
California,LASST060000000000003,2009,4,36.778261,-119.4179324,2.4000000000000004
California,LASST060000000000003,2010,4,36.778261,-119.4179324,0.0
California,LASST060000000000003,2011,4,36.778261,-119.4179324,-0.9000000000000004
California,LASST060000000000003,2012,4,36.778261,-119.4179324,-1.3000000000000007
California,LASST060000000000003,2013,4,36.778261,-119.4179324,-1.299999999999999
California,LASST060000000000003,2014,4,36.778261,-119.4179324,-1.299999999999999
California,LASST060000000000003,2015,4,36.778261,-119.4179324,-1.0999999999999996
California,LASST060000000000003,2016,4,36.778261,-119.4179324,-0.40000000000000036
Colorado,LASST080000000000003,1996,5,39.55005070000001,-105.78206740000002,-0.30000000000000027
Colorado,LASST080000000000003,1997,5,39.55005070000001,-105.78206740000002,-0.2999999999999998
Colorado,LASST080000000000003,1998,5,39.55005070000001,-105.78206740000002,-0.30000000000000027
Colorado,LASST080000000000003,1999,5,39.55005070000001,-105.78206740000002,-0.30000000000000027
Colorado,LASST080000000000003,2000,5,39.55005070000001,-105.78206740000002,-0.09999999999999964
Colorado,LASST080000000000003,2001,5,39.55005070000001,-105.78206740000002,2.4000000000000004
Colorado,LASST080000000000003,2002,5,39.55005070000001,-105.78206740000002,0.40000000000000036
Colorado,LASST080000000000003,2003,5,39.55005070000001,-105.78206740000002,0.0
Colorado,LASST080000000000003,2004,5,39.55005070000001,-105.78206740000002,-0.5
Colorado,LASST080000000000003,2005,5,39.55005070000001,-105.78206740000002,-0.5999999999999996
Colorado,LASST080000000000003,2006,5,39.55005070000001,-105.78206740000002,-0.7999999999999998
Colorado,LASST080000000000003,2007,5,39.55005070000001,-105.78206740000002,0.39999999999999947
Colorado,LASST080000000000003,2008,5,39.55005070000001,-105.78206740000002,1.8000000000000007
Colorado,LASST080000000000003,2009,5,39.55005070000001,-105.78206740000002,2.0999999999999996
Colorado,LASST080000000000003,2010,5,39.55005070000001,-105.78206740000002,0.5999999999999996
Colorado,LASST080000000000003,2011,5,39.55005070000001,-105.78206740000002,-0.6000000000000014
Colorado,LASST080000000000003,2012,5,39.55005070000001,-105.78206740000002,-0.6999999999999993
Colorado,LASST080000000000003,2013,5,39.55005070000001,-105.78206740000002,-1.3000000000000007
Colorado,LASST080000000000003,2014,5,39.55005070000001,-105.78206740000002,-1.7000000000000002
Colorado,LASST080000000000003,2015,5,39.55005070000001,-105.78206740000002,-0.7999999999999998
Colorado,LASST080000000000003,2016,5,39.55005070000001,-105.78206740000002,-0.6000000000000001
Connecticut,LASST090000000000003,1996,6,41.60322070000001,-73.087749,0.5
Connecticut,LASST090000000000003,1997,6,41.60322070000001,-73.087749,-1.6000000000000005
Connecticut,LASST090000000000003,1998,6,41.60322070000001,-73.087749,-1.0
Connecticut,LASST090000000000003,1999,6,41.60322070000001,-73.087749,-0.10000000000000009
Connecticut,LASST090000000000003,2000,6,41.60322070000001,-73.087749,-0.3999999999999999
Connecticut,LASST090000000000003,2001,6,41.60322070000001,-73.087749,0.6999999999999997
Connecticut,LASST090000000000003,2002,6,41.60322070000001,-73.087749,1.8000000000000003
Connecticut,LASST090000000000003,2003,6,41.60322070000001,-73.087749,0.0
Connecticut,LASST090000000000003,2004,6,41.60322070000001,-73.087749,-0.40000000000000036
Connecticut,LASST090000000000003,2005,6,41.60322070000001,-73.087749,-0.3000000000000007
Connecticut,LASST090000000000003,2006,6,41.60322070000001,-73.087749,-0.20000000000000018
Connecticut,LASST090000000000003,2007,6,41.60322070000001,-73.087749,0.6000000000000005
Connecticut,LASST090000000000003,2008,6,41.60322070000001,-73.087749,1.6999999999999993
Connecticut,LASST090000000000003,2009,6,41.60322070000001,-73.087749,1.9000000000000004
Connecticut,LASST090000000000003,2010,6,41.60322070000001,-73.087749,0.3000000000000007
Connecticut,LASST090000000000003,2011,6,41.60322070000001,-73.087749,-0.8999999999999986
Connecticut,LASST090000000000003,2012,6,41.60322070000001,-73.087749,0.0
Connecticut,LASST090000000000003,2013,6,41.60322070000001,-73.087749,-0.8999999999999995
Connecticut,LASST090000000000003,2014,6,41.60322070000001,-73.087749,-1.0
Connecticut,LASST090000000000003,2015,6,41.60322070000001,-73.087749,-0.5999999999999996
Connecticut,LASST090000000000003,2016,6,41.60322070000001,-73.087749,-0.7000000000000002
Delaware,LASST100000000000003,1996,7,38.9108325,-75.52766989999998,0.0
Delaware,LASST100000000000003,1997,7,38.9108325,-75.52766989999998,-1.1999999999999997
Delaware,LASST100000000000003,1998,7,38.9108325,-75.52766989999998,-0.40000000000000036
Delaware,LASST100000000000003,1999,7,38.9108325,-75.52766989999998,0.20000000000000018
Delaware,LASST100000000000003,2000,7,38.9108325,-75.52766989999998,0.3999999999999999
Delaware,LASST100000000000003,2001,7,38.9108325,-75.52766989999998,-0.09999999999999964
Delaware,LASST100000000000003,2002,7,38.9108325,-75.52766989999998,0.19999999999999973
Delaware,LASST100000000000003,2003,7,38.9108325,-75.52766989999998,-0.30000000000000027
Delaware,LASST100000000000003,2004,7,38.9108325,-75.52766989999998,0.10000000000000009
Delaware,LASST100000000000003,2005,7,38.9108325,-75.52766989999998,0.09999999999999964
Delaware,LASST100000000000003,2006,7,38.9108325,-75.52766989999998,-0.6000000000000001
Delaware,LASST100000000000003,2007,7,38.9108325,-75.52766989999998,0.30000000000000027
Delaware,LASST100000000000003,2008,7,38.9108325,-75.52766989999998,3.0
Delaware,LASST100000000000003,2009,7,38.9108325,-75.52766989999998,1.4999999999999991
Delaware,LASST100000000000003,2010,7,38.9108325,-75.52766989999998,-0.8000000000000007
Delaware,LASST100000000000003,2011,7,38.9108325,-75.52766989999998,-0.7000000000000002
Delaware,LASST100000000000003,2012,7,38.9108325,-75.52766989999998,0.10000000000000053
Delaware,LASST100000000000003,2013,7,38.9108325,-75.52766989999998,-1.0
Delaware,LASST100000000000003,2014,7,38.9108325,-75.52766989999998,-0.8999999999999995
Delaware,LASST100000000000003,2015,7,38.9108325,-75.52766989999998,-0.39999999999999947
Delaware,LASST100000000000003,2016,7,38.9108325,-75.52766989999998,0.0
DistrictofColumbia,LASST110000000000003,1996,8,38.9071923,-77.03687070000001,-0.7999999999999998
DistrictofColumbia,LASST110000000000003,1997,8,38.9071923,-77.03687070000001,0.9999999999999991
DistrictofColumbia,LASST110000000000003,1998,8,38.9071923,-77.03687070000001,-1.3000000000000007
DistrictofColumbia,LASST110000000000003,1999,8,38.9071923,-77.03687070000001,-1.5
DistrictofColumbia,LASST110000000000003,2000,8,38.9071923,-77.03687070000001,0.40000000000000036
DistrictofColumbia,LASST110000000000003,2001,8,38.9071923,-77.03687070000001,0.5
DistrictofColumbia,LASST110000000000003,2002,8,38.9071923,-77.03687070000001,-0.09999999999999964
DistrictofColumbia,LASST110000000000003,2003,8,38.9071923,-77.03687070000001,0.3000000000000007
DistrictofColumbia,LASST110000000000003,2004,8,38.9071923,-77.03687070000001,0.7999999999999998
DistrictofColumbia,LASST110000000000003,2005,8,38.9071923,-77.03687070000001,-1.8999999999999995
DistrictofColumbia,LASST110000000000003,2006,8,38.9071923,-77.03687070000001,-0.10000000000000053
DistrictofColumbia,LASST110000000000003,2007,8,38.9071923,-77.03687070000001,0.0
DistrictofColumbia,LASST110000000000003,2008,8,38.9071923,-77.03687070000001,2.0
DistrictofColumbia,LASST110000000000003,2009,8,38.9071923,-77.03687070000001,1.9000000000000004
DistrictofColumbia,LASST110000000000003,2010,8,38.9071923,-77.03687070000001,-0.3000000000000007
DistrictofColumbia,LASST110000000000003,2011,8,38.9071923,-77.03687070000001,0.3000000000000007
DistrictofColumbia,LASST110000000000003,2012,8,38.9071923,-77.03687070000001,-1.1000000000000014
DistrictofColumbia,LASST110000000000003,2013,8,38.9071923,-77.03687070000001,-0.5999999999999996
DistrictofColumbia,LASST110000000000003,2014,8,38.9071923,-77.03687070000001,-0.5
DistrictofColumbia,LASST110000000000003,2015,8,38.9071923,-77.03687070000001,-0.9000000000000004
DistrictofColumbia,LASST110000000000003,2016,8,38.9071923,-77.03687070000001,-0.40000000000000036
Florida,LASST120000000000003,1996,9,27.664827399999997,-81.5157535,-0.3000000000000007
Florida,LASST120000000000003,1997,9,27.664827399999997,-81.5157535,-0.5
Florida,LASST120000000000003,1998,9,27.664827399999997,-81.5157535,-0.40000000000000036
Florida,LASST120000000000003,1999,9,27.664827399999997,-81.5157535,-0.2999999999999998
Florida,LASST120000000000003,2000,9,27.664827399999997,-81.5157535,0.0
Florida,LASST120000000000003,2001,9,27.664827399999997,-81.5157535,2.2
Florida,LASST120000000000003,2002,9,27.664827399999997,-81.5157535,-0.5999999999999996
Florida,LASST120000000000003,2003,9,27.664827399999997,-81.5157535,-0.6000000000000005
Florida,LASST120000000000003,2004,9,27.664827399999997,-81.5157535,-0.39999999999999947
Florida,LASST120000000000003,2005,9,27.664827399999997,-81.5157535,-1.0
Florida,LASST120000000000003,2006,9,27.664827399999997,-81.5157535,0.19999999999999973
Florida,LASST120000000000003,2007,9,27.664827399999997,-81.5157535,1.3000000000000003
Florida,LASST120000000000003,2008,9,27.664827399999997,-81.5157535,3.500000000000001
Florida,LASST120000000000003,2009,9,27.664827399999997,-81.5157535,2.3999999999999986
Florida,LASST120000000000003,2010,9,27.664827399999997,-81.5157535,-0.5
Florida,LASST120000000000003,2011,9,27.664827399999997,-81.5157535,-1.5999999999999996
Florida,LASST120000000000003,2012,9,27.664827399999997,-81.5157535,-0.9000000000000004
Florida,LASST120000000000003,2013,9,27.664827399999997,-81.5157535,-1.2000000000000002
Florida,LASST120000000000003,2014,9,27.664827399999997,-81.5157535,-0.6999999999999993
Florida,LASST120000000000003,2015,9,27.664827399999997,-81.5157535,-0.7000000000000002
Florida,LASST120000000000003,2016,9,27.664827399999997,-81.5157535,-0.2999999999999998
Georgia,LASST130000000000003,1996,10,32.1656221,-82.9000751,0.40000000000000036
Georgia,LASST130000000000003,1997,10,32.1656221,-82.9000751,-0.7000000000000002
Georgia,LASST130000000000003,1998,10,32.1656221,-82.9000751,-0.3000000000000007
Georgia,LASST130000000000003,1999,10,32.1656221,-82.9000751,-0.39999999999999947
Georgia,LASST130000000000003,2000,10,32.1656221,-82.9000751,-0.30000000000000027
Georgia,LASST130000000000003,2001,10,32.1656221,-82.9000751,1.4000000000000004
Georgia,LASST130000000000003,2002,10,32.1656221,-82.9000751,0.0
Georgia,LASST130000000000003,2003,10,32.1656221,-82.9000751,-0.7000000000000002
Georgia,LASST130000000000003,2004,10,32.1656221,-82.9000751,0.9000000000000004
Georgia,LASST130000000000003,2005,10,32.1656221,-82.9000751,-0.20000000000000018
Georgia,LASST130000000000003,2006,10,32.1656221,-82.9000751,-0.5999999999999996
Georgia,LASST130000000000003,2007,10,32.1656221,-82.9000751,0.7000000000000002
Georgia,LASST130000000000003,2008,10,32.1656221,-82.9000751,3.0999999999999996
Georgia,LASST130000000000003,2009,10,32.1656221,-82.9000751,1.8000000000000007
Georgia,LASST130000000000003,2010,10,32.1656221,-82.9000751,0.09999999999999964
Georgia,LASST130000000000003,2011,10,32.1656221,-82.9000751,-0.6999999999999993
Georgia,LASST130000000000003,2012,10,32.1656221,-82.9000751,-1.0
Georgia,LASST130000000000003,2013,10,32.1656221,-82.9000751,-1.0999999999999996
Georgia,LASST130000000000003,2014,10,32.1656221,-82.9000751,-1.0
Georgia,LASST130000000000003,2015,10,32.1656221,-82.9000751,-0.8000000000000007
Georgia,LASST130000000000003,2016,10,32.1656221,-82.9000751,-0.20000000000000018
Hawaii,LASST150000000000003,1996,11,19.8967662,-155.58278180000002,0.09999999999999964
Hawaii,LASST150000000000003,1997,11,19.8967662,-155.58278180000002,-0.2999999999999998
Hawaii,LASST150000000000003,1998,11,19.8967662,-155.58278180000002,0.0
Hawaii,LASST150000000000003,1999,11,19.8967662,-155.58278180000002,-1.1000000000000005
Hawaii,LASST150000000000003,2000,11,19.8967662,-155.58278180000002,-0.7000000000000002
Hawaii,LASST150000000000003,2001,11,19.8967662,-155.58278180000002,1.2000000000000002
Hawaii,LASST150000000000003,2002,11,19.8967662,-155.58278180000002,-1.3999999999999995
Hawaii,LASST150000000000003,2003,11,19.8967662,-155.58278180000002,0.20000000000000018
Hawaii,LASST150000000000003,2004,11,19.8967662,-155.58278180000002,-0.6999999999999997
Hawaii,LASST150000000000003,2005,11,19.8967662,-155.58278180000002,-0.3999999999999999
Hawaii,LASST150000000000003,2006,11,19.8967662,-155.58278180000002,-0.30000000000000027
Hawaii,LASST150000000000003,2007,11,19.8967662,-155.58278180000002,0.6000000000000001
Hawaii,LASST150000000000003,2008,11,19.8967662,-155.58278180000002,2.8
Hawaii,LASST150000000000003,2009,11,19.8967662,-155.58278180000002,0.7999999999999998
Hawaii,LASST150000000000003,2010,11,19.8967662,-155.58278180000002,-0.2999999999999998
Hawaii,LASST150000000000003,2011,11,19.8967662,-155.58278180000002,0.0
Hawaii,LASST150000000000003,2012,11,19.8967662,-155.58278180000002,-1.5
Hawaii,LASST150000000000003,2013,11,19.8967662,-155.58278180000002,-0.2999999999999998
Hawaii,LASST150000000000003,2014,11,19.8967662,-155.58278180000002,-0.7000000000000002
Hawaii,LASST150000000000003,2015,11,19.8967662,-155.58278180000002,-0.8999999999999999
Hawaii,LASST150000000000003,2016,11,19.8967662,-155.58278180000002,-0.30000000000000027
Idaho,LASST160000000000003,1996,12,44.0682019,-114.74204080000001,-0.2999999999999998
Idaho,LASST160000000000003,1997,12,44.0682019,-114.74204080000001,-0.10000000000000053
Idaho,LASST160000000000003,1998,12,44.0682019,-114.74204080000001,-0.20000000000000018
Idaho,LASST160000000000003,1999,12,44.0682019,-114.74204080000001,-0.40000000000000036
Idaho,LASST160000000000003,2000,12,44.0682019,-114.74204080000001,0.20000000000000018
Idaho,LASST160000000000003,2001,12,44.0682019,-114.74204080000001,0.7999999999999998
Idaho,LASST160000000000003,2002,12,44.0682019,-114.74204080000001,-0.09999999999999964
Idaho,LASST160000000000003,2003,12,44.0682019,-114.74204080000001,-0.20000000000000018
Idaho,LASST160000000000003,2004,12,44.0682019,-114.74204080000001,-0.7999999999999998
Idaho,LASST160000000000003,2005,12,44.0682019,-114.74204080000001,-0.5
Idaho,LASST160000000000003,2006,12,44.0682019,-114.74204080000001,-0.5999999999999996
Idaho,LASST160000000000003,2007,12,44.0682019,-114.74204080000001,0.0
Idaho,LASST160000000000003,2008,12,44.0682019,-114.74204080000001,3.9000000000000004
Idaho,LASST160000000000003,2009,12,44.0682019,-114.74204080000001,1.9999999999999991
Idaho,LASST160000000000003,2010,12,44.0682019,-114.74204080000001,-0.3999999999999986
Idaho,LASST160000000000003,2011,12,44.0682019,-114.74204080000001,-0.8999999999999995
Idaho,LASST160000000000003,2012,12,44.0682019,-114.74204080000001,-1.1000000000000005
Idaho,LASST160000000000003,2013,12,44.0682019,-114.74204080000001,-1.2999999999999998
Idaho,LASST160000000000003,2014,12,44.0682019,-114.74204080000001,-0.7999999999999998
Idaho,LASST160000000000003,2015,12,44.0682019,-114.74204080000001,-0.20000000000000018
Idaho,LASST160000000000003,2016,12,44.0682019,-114.74204080000001,-0.5
Illinois,LASST170000000000003,1996,13,40.6331249,-89.3985283,-0.20000000000000018
Illinois,LASST170000000000003,1997,13,40.6331249,-89.3985283,-0.39999999999999947
Illinois,LASST170000000000003,1998,13,40.6331249,-89.3985283,-0.40000000000000036
Illinois,LASST170000000000003,1999,13,40.6331249,-89.3985283,0.09999999999999964
Illinois,LASST170000000000003,2000,13,40.6331249,-89.3985283,0.39999999999999947
Illinois,LASST170000000000003,2001,13,40.6331249,-89.3985283,1.4000000000000004
Illinois,LASST170000000000003,2002,13,40.6331249,-89.3985283,0.2999999999999998
Illinois,LASST170000000000003,2003,13,40.6331249,-89.3985283,-0.09999999999999964
Illinois,LASST170000000000003,2004,13,40.6331249,-89.3985283,-0.40000000000000036
Illinois,LASST170000000000003,2005,13,40.6331249,-89.3985283,-0.7000000000000002
Illinois,LASST170000000000003,2006,13,40.6331249,-89.3985283,-0.6999999999999993
Illinois,LASST170000000000003,2007,13,40.6331249,-89.3985283,0.9000000000000004
Illinois,LASST170000000000003,2008,13,40.6331249,-89.3985283,2.3999999999999995
Illinois,LASST170000000000003,2009,13,40.6331249,-89.3985283,3.0
Illinois,LASST170000000000003,2010,13,40.6331249,-89.3985283,-1.8000000000000007
Illinois,LASST170000000000003,2011,13,40.6331249,-89.3985283,0.0
Illinois,LASST170000000000003,2012,13,40.6331249,-89.3985283,0.0
Illinois,LASST170000000000003,2013,13,40.6331249,-89.3985283,-0.6999999999999993
Illinois,LASST170000000000003,2014,13,40.6331249,-89.3985283,-2.200000000000001
Illinois,LASST170000000000003,2015,13,40.6331249,-89.3985283,0.0
Illinois,LASST170000000000003,2016,13,40.6331249,-89.3985283,-0.6999999999999993
Indiana,LASST180000000000003,1996,14,40.2671941,-86.1349019,-1.0
Indiana,LASST180000000000003,1997,14,40.2671941,-86.1349019,0.0
Indiana,LASST180000000000003,1998,14,40.2671941,-86.1349019,-0.19999999999999973
Indiana,LASST180000000000003,1999,14,40.2671941,-86.1349019,0.20000000000000018
Indiana,LASST180000000000003,2000,14,40.2671941,-86.1349019,-0.10000000000000009
Indiana,LASST180000000000003,2001,14,40.2671941,-86.1349019,2.0
Indiana,LASST180000000000003,2002,14,40.2671941,-86.1349019,-0.40000000000000036
Indiana,LASST180000000000003,2003,14,40.2671941,-86.1349019,0.20000000000000018
Indiana,LASST180000000000003,2004,14,40.2671941,-86.1349019,0.39999999999999947
Indiana,LASST180000000000003,2005,14,40.2671941,-86.1349019,-0.40000000000000036
Indiana,LASST180000000000003,2006,14,40.2671941,-86.1349019,-0.40000000000000036
Indiana,LASST180000000000003,2007,14,40.2671941,-86.1349019,0.0
Indiana,LASST180000000000003,2008,14,40.2671941,-86.1349019,3.499999999999999
Indiana,LASST180000000000003,2009,14,40.2671941,-86.1349019,1.9000000000000004
Indiana,LASST180000000000003,2010,14,40.2671941,-86.1349019,-1.5999999999999996
Indiana,LASST180000000000003,2011,14,40.2671941,-86.1349019,-0.3999999999999986
Indiana,LASST180000000000003,2012,14,40.2671941,-86.1349019,-0.1999999999999993
Indiana,LASST180000000000003,2013,14,40.2671941,-86.1349019,-2.0
Indiana,LASST180000000000003,2014,14,40.2671941,-86.1349019,-0.9000000000000004
Indiana,LASST180000000000003,2015,14,40.2671941,-86.1349019,-0.8000000000000007
Indiana,LASST180000000000003,2016,14,40.2671941,-86.1349019,-0.7000000000000002
Iowa,LASST190000000000003,1996,15,41.8780025,-93.097702,0.0
Iowa,LASST190000000000003,1997,15,41.8780025,-93.097702,-0.5
Iowa,LASST190000000000003,1998,15,41.8780025,-93.097702,-0.09999999999999964
Iowa,LASST190000000000003,1999,15,41.8780025,-93.097702,-0.30000000000000027
Iowa,LASST190000000000003,2000,15,41.8780025,-93.097702,0.6000000000000001
Iowa,LASST190000000000003,2001,15,41.8780025,-93.097702,0.7999999999999998
Iowa,LASST190000000000003,2002,15,41.8780025,-93.097702,0.30000000000000027
Iowa,LASST190000000000003,2003,15,41.8780025,-93.097702,0.20000000000000018
Iowa,LASST190000000000003,2004,15,41.8780025,-93.097702,0.09999999999999964
Iowa,LASST190000000000003,2005,15,41.8780025,-93.097702,-0.5
Iowa,LASST190000000000003,2006,15,41.8780025,-93.097702,-0.19999999999999973
Iowa,LASST190000000000003,2007,15,41.8780025,-93.097702,0.0
Iowa,LASST190000000000003,2008,15,41.8780025,-93.097702,1.5999999999999996
Iowa,LASST190000000000003,2009,15,41.8780025,-93.097702,0.7000000000000002
Iowa,LASST190000000000003,2010,15,41.8780025,-93.097702,-0.6000000000000005
Iowa,LASST190000000000003,2011,15,41.8780025,-93.097702,-0.40000000000000036
Iowa,LASST190000000000003,2012,15,41.8780025,-93.097702,-0.2999999999999998
Iowa,LASST190000000000003,2013,15,41.8780025,-93.097702,-0.40000000000000036
Iowa,LASST190000000000003,2014,15,41.8780025,-93.097702,-0.40000000000000036
Iowa,LASST190000000000003,2015,15,41.8780025,-93.097702,-0.19999999999999973
Iowa,LASST190000000000003,2016,15,41.8780025,-93.097702,-0.20000000000000018
Kansas,LASST200000000000003,1996,16,39.011902,-98.4842465,0.10000000000000053
Kansas,LASST200000000000003,1997,16,39.011902,-98.4842465,-0.5999999999999996
Kansas,LASST200000000000003,1998,16,39.011902,-98.4842465,-0.10000000000000009
Kansas,LASST200000000000003,1999,16,39.011902,-98.4842465,0.0
Kansas,LASST200000000000003,2000,16,39.011902,-98.4842465,0.5
Kansas,LASST200000000000003,2001,16,39.011902,-98.4842465,0.8999999999999999
Kansas,LASST200000000000003,2002,16,39.011902,-98.4842465,0.1999999999999993
Kansas,LASST200000000000003,2003,16,39.011902,-98.4842465,0.5
Kansas,LASST200000000000003,2004,16,39.011902,-98.4842465,-0.2999999999999998
Kansas,LASST200000000000003,2005,16,39.011902,-98.4842465,-0.5999999999999996
Kansas,LASST200000000000003,2006,16,39.011902,-98.4842465,-0.2999999999999998
Kansas,LASST200000000000003,2007,16,39.011902,-98.4842465,0.0
Kansas,LASST200000000000003,2008,16,39.011902,-98.4842465,1.2000000000000002
Kansas,LASST200000000000003,2009,16,39.011902,-98.4842465,1.4000000000000004
Kansas,LASST200000000000003,2010,16,39.011902,-98.4842465,-0.20000000000000018
Kansas,LASST200000000000003,2011,16,39.011902,-98.4842465,-0.8000000000000007
Kansas,LASST200000000000003,2012,16,39.011902,-98.4842465,-0.40000000000000036
Kansas,LASST200000000000003,2013,16,39.011902,-98.4842465,-0.6999999999999993
Kansas,LASST200000000000003,2014,16,39.011902,-98.4842465,-0.5
Kansas,LASST200000000000003,2015,16,39.011902,-98.4842465,-0.2999999999999998
Kansas,LASST200000000000003,2016,16,39.011902,-98.4842465,0.10000000000000009
Kentucky,LASST210000000000003,1996,17,37.839333200000006,-84.2700179,0.5999999999999996
Kentucky,LASST210000000000003,1997,17,37.839333200000006,-84.2700179,-1.4000000000000004
Kentucky,LASST210000000000003,1998,17,37.839333200000006,-84.2700179,0.09999999999999964
Kentucky,LASST210000000000003,1999,17,37.839333200000006,-84.2700179,-0.39999999999999947
Kentucky,LASST210000000000003,2000,17,37.839333200000006,-84.2700179,0.20000000000000018
Kentucky,LASST210000000000003,2001,17,37.839333200000006,-84.2700179,1.4000000000000004
Kentucky,LASST210000000000003,2002,17,37.839333200000006,-84.2700179,0.0
Kentucky,LASST210000000000003,2003,17,37.839333200000006,-84.2700179,-0.20000000000000018
Kentucky,LASST210000000000003,2004,17,37.839333200000006,-84.2700179,-0.40000000000000036
Kentucky,LASST210000000000003,2005,17,37.839333200000006,-84.2700179,0.5999999999999996
Kentucky,LASST210000000000003,2006,17,37.839333200000006,-84.2700179,-0.40000000000000036
Kentucky,LASST210000000000003,2007,17,37.839333200000006,-84.2700179,-0.09999999999999964
Kentucky,LASST210000000000003,2008,17,37.839333200000006,-84.2700179,3.0
Kentucky,LASST210000000000003,2009,17,37.839333200000006,-84.2700179,1.5999999999999996
Kentucky,LASST210000000000003,2010,17,37.839333200000006,-84.2700179,-0.5999999999999996
Kentucky,LASST210000000000003,2011,17,37.839333200000006,-84.2700179,-1.200000000000001
Kentucky,LASST210000000000003,2012,17,37.839333200000006,-84.2700179,-0.3000000000000007
Kentucky,LASST210000000000003,2013,17,37.839333200000006,-84.2700179,-0.39999999999999947
Kentucky,LASST210000000000003,2014,17,37.839333200000006,-84.2700179,-2.0
Kentucky,LASST210000000000003,2015,17,37.839333200000006,-84.2700179,-0.10000000000000053
Kentucky,LASST210000000000003,2016,17,37.839333200000006,-84.2700179,-0.09999999999999964
Louisiana,LASST220000000000003,1996,18,30.984297700000003,-91.9623327,-0.5
Louisiana,LASST220000000000003,1997,18,30.984297700000003,-91.9623327,-0.7999999999999998
Louisiana,LASST220000000000003,1998,18,30.984297700000003,-91.9623327,-0.09999999999999964
Louisiana,LASST220000000000003,1999,18,30.984297700000003,-91.9623327,-0.10000000000000053
Louisiana,LASST220000000000003,2000,18,30.984297700000003,-91.9623327,0.6000000000000005
Louisiana,LASST220000000000003,2001,18,30.984297700000003,-91.9623327,0.40000000000000036
Louisiana,LASST220000000000003,2002,18,30.984297700000003,-91.9623327,0.09999999999999964
Louisiana,LASST220000000000003,2003,18,30.984297700000003,-91.9623327,-0.5
Louisiana,LASST220000000000003,2004,18,30.984297700000003,-91.9623327,-0.10000000000000053
Louisiana,LASST220000000000003,2005,18,30.984297700000003,-91.9623327,0.6000000000000005
Louisiana,LASST220000000000003,2006,18,30.984297700000003,-91.9623327,-0.6000000000000005
Louisiana,LASST220000000000003,2007,18,30.984297700000003,-91.9623327,-0.09999999999999964
Louisiana,LASST220000000000003,2008,18,30.984297700000003,-91.9623327,1.7000000000000002
Louisiana,LASST220000000000003,2009,18,30.984297700000003,-91.9623327,1.2000000000000002
Louisiana,LASST220000000000003,2010,18,30.984297700000003,-91.9623327,0.9000000000000004
Louisiana,LASST220000000000003,2011,18,30.984297700000003,-91.9623327,-0.8000000000000007
Louisiana,LASST220000000000003,2012,18,30.984297700000003,-91.9623327,-0.5999999999999996
Louisiana,LASST220000000000003,2013,18,30.984297700000003,-91.9623327,-1.2000000000000002
Louisiana,LASST220000000000003,2014,18,30.984297700000003,-91.9623327,1.2000000000000002
Louisiana,LASST220000000000003,2015,18,30.984297700000003,-91.9623327,-0.8000000000000007
Louisiana,LASST220000000000003,2016,18,30.984297700000003,-91.9623327,-0.1999999999999993
Maine,LASST230000000000003,1996,19,45.253783,-69.4454689,-0.5
Maine,LASST230000000000003,1997,19,45.253783,-69.4454689,-0.09999999999999964
Maine,LASST230000000000003,1998,19,45.253783,-69.4454689,-0.7000000000000002
Maine,LASST230000000000003,1999,19,45.253783,-69.4454689,-0.39999999999999947
Maine,LASST230000000000003,2000,19,45.253783,-69.4454689,-0.30000000000000027
Maine,LASST230000000000003,2001,19,45.253783,-69.4454689,0.7999999999999998
Maine,LASST230000000000003,2002,19,45.253783,-69.4454689,0.6000000000000005
Maine,LASST230000000000003,2003,19,45.253783,-69.4454689,0.10000000000000053
Maine,LASST230000000000003,2004,19,45.253783,-69.4454689,0.0
Maine,LASST230000000000003,2005,19,45.253783,-69.4454689,-0.3000000000000007
Maine,LASST230000000000003,2006,19,45.253783,-69.4454689,0.0
Maine,LASST230000000000003,2007,19,45.253783,-69.4454689,0.2999999999999998
Maine,LASST230000000000003,2008,19,45.253783,-69.4454689,2.2
Maine,LASST230000000000003,2009,19,45.253783,-69.4454689,0.7999999999999989
Maine,LASST230000000000003,2010,19,45.253783,-69.4454689,-0.09999999999999964
Maine,LASST230000000000003,2011,19,45.253783,-69.4454689,-0.39999999999999947
Maine,LASST230000000000003,2012,19,45.253783,-69.4454689,-0.5
Maine,LASST230000000000003,2013,19,45.253783,-69.4454689,-0.8999999999999995
Maine,LASST230000000000003,2014,19,45.253783,-69.4454689,-1.0
Maine,LASST230000000000003,2015,19,45.253783,-69.4454689,-1.0
Maine,LASST230000000000003,2016,19,45.253783,-69.4454689,-0.2999999999999998
Maryland,LASST240000000000003,1996,20,39.0457549,-76.64127119999998,-0.20000000000000018
Maryland,LASST240000000000003,1997,20,39.0457549,-76.64127119999998,-0.09999999999999964
Maryland,LASST240000000000003,1998,20,39.0457549,-76.64127119999998,-0.8999999999999999
Maryland,LASST240000000000003,1999,20,39.0457549,-76.64127119999998,-0.5
Maryland,LASST240000000000003,2000,20,39.0457549,-76.64127119999998,0.20000000000000018
Maryland,LASST240000000000003,2001,20,39.0457549,-76.64127119999998,0.9999999999999996
Maryland,LASST240000000000003,2002,20,39.0457549,-76.64127119999998,-0.1999999999999993
Maryland,LASST240000000000003,2003,20,39.0457549,-76.64127119999998,-0.10000000000000053
Maryland,LASST240000000000003,2004,20,39.0457549,-76.64127119999998,0.0
Maryland,LASST240000000000003,2005,20,39.0457549,-76.64127119999998,-0.5
Maryland,LASST240000000000003,2006,20,39.0457549,-76.64127119999998,-0.09999999999999964
Maryland,LASST240000000000003,2007,20,39.0457549,-76.64127119999998,-0.40000000000000036
Maryland,LASST240000000000003,2008,20,39.0457549,-76.64127119999998,2.4000000000000004
Maryland,LASST240000000000003,2009,20,39.0457549,-76.64127119999998,1.6000000000000005
Maryland,LASST240000000000003,2010,20,39.0457549,-76.64127119999998,-0.2999999999999998
Maryland,LASST240000000000003,2011,20,39.0457549,-76.64127119999998,-0.40000000000000036
Maryland,LASST240000000000003,2012,20,39.0457549,-76.64127119999998,-0.09999999999999964
Maryland,LASST240000000000003,2013,20,39.0457549,-76.64127119999998,-0.7000000000000002
Maryland,LASST240000000000003,2014,20,39.0457549,-76.64127119999998,-0.5999999999999996
Maryland,LASST240000000000003,2015,20,39.0457549,-76.64127119999998,-0.7000000000000002
Maryland,LASST240000000000003,2016,20,39.0457549,-76.64127119999998,-0.1999999999999993
Massachusetts,LASST250000000000003,1996,21,42.4072107,-71.3824374,-0.7000000000000002
Massachusetts,LASST250000000000003,1997,21,42.4072107,-71.3824374,-0.6000000000000001
Massachusetts,LASST250000000000003,1998,21,42.4072107,-71.3824374,-0.2999999999999998
Massachusetts,LASST250000000000003,1999,21,42.4072107,-71.3824374,-0.20000000000000018
Massachusetts,LASST250000000000003,2000,21,42.4072107,-71.3824374,-0.20000000000000018
Massachusetts,LASST250000000000003,2001,21,42.4072107,-71.3824374,1.5999999999999996
Massachusetts,LASST250000000000003,2002,21,42.4072107,-71.3824374,0.8999999999999995
Massachusetts,LASST250000000000003,2003,21,42.4072107,-71.3824374,0.0
Massachusetts,LASST250000000000003,2004,21,42.4072107,-71.3824374,-0.5999999999999996
Massachusetts,LASST250000000000003,2005,21,42.4072107,-71.3824374,0.0
Massachusetts,LASST250000000000003,2006,21,42.4072107,-71.3824374,-0.10000000000000053
Massachusetts,LASST250000000000003,2007,21,42.4072107,-71.3824374,-0.20000000000000018
Massachusetts,LASST250000000000003,2008,21,42.4072107,-71.3824374,2.2
Massachusetts,LASST250000000000003,2009,21,42.4072107,-71.3824374,1.700000000000001
Massachusetts,LASST250000000000003,2010,21,42.4072107,-71.3824374,-1.0000000000000009
Massachusetts,LASST250000000000003,2011,21,42.4072107,-71.3824374,-1.0
Massachusetts,LASST250000000000003,2012,21,42.4072107,-71.3824374,0.09999999999999964
Massachusetts,LASST250000000000003,2013,21,42.4072107,-71.3824374,-0.5
Massachusetts,LASST250000000000003,2014,21,42.4072107,-71.3824374,-1.0
Massachusetts,LASST250000000000003,2015,21,42.4072107,-71.3824374,-0.6999999999999993
Massachusetts,LASST250000000000003,2016,21,42.4072107,-71.3824374,-0.5
Michigan,LASST260000000000003,1996,22,44.3148443,-85.60236429999998,-0.20000000000000018
Michigan,LASST260000000000003,1997,22,44.3148443,-85.60236429999998,-0.6000000000000005
Michigan,LASST260000000000003,1998,22,44.3148443,-85.60236429999998,-0.10000000000000009
Michigan,LASST260000000000003,1999,22,44.3148443,-85.60236429999998,-0.5
Michigan,LASST260000000000003,2000,22,44.3148443,-85.60236429999998,0.9000000000000004
Michigan,LASST260000000000003,2001,22,44.3148443,-85.60236429999998,1.8999999999999995
Michigan,LASST260000000000003,2002,22,44.3148443,-85.60236429999998,0.0
Michigan,LASST260000000000003,2003,22,44.3148443,-85.60236429999998,0.3000000000000007
Michigan,LASST260000000000003,2004,22,44.3148443,-85.60236429999998,0.40000000000000036
Michigan,LASST260000000000003,2005,22,44.3148443,-85.60236429999998,-0.40000000000000036
Michigan,LASST260000000000003,2006,22,44.3148443,-85.60236429999998,0.20000000000000018
Michigan,LASST260000000000003,2007,22,44.3148443,-85.60236429999998,0.2999999999999998
Michigan,LASST260000000000003,2008,22,44.3148443,-85.60236429999998,2.700000000000001
Michigan,LASST260000000000003,2009,22,44.3148443,-85.60236429999998,3.0
Michigan,LASST260000000000003,2010,22,44.3148443,-85.60236429999998,-2.5999999999999996
Michigan,LASST260000000000003,2011,22,44.3148443,-85.60236429999998,-1.5999999999999996
Michigan,LASST260000000000003,2012,22,44.3148443,-85.60236429999998,-0.09999999999999964
Michigan,LASST260000000000003,2013,22,44.3148443,-85.60236429999998,-0.7999999999999989
Michigan,LASST260000000000003,2014,22,44.3148443,-85.60236429999998,-1.8999999999999995
Michigan,LASST260000000000003,2015,22,44.3148443,-85.60236429999998,-1.0999999999999996
Michigan,LASST260000000000003,2016,22,44.3148443,-85.60236429999998,0.09999999999999964
Minnesota,LASST270000000000003,1996,23,46.729553,-94.6858998,-0.19999999999999973
Minnesota,LASST270000000000003,1997,23,46.729553,-94.6858998,-0.7000000000000002
Minnesota,LASST270000000000003,1998,23,46.729553,-94.6858998,-0.19999999999999973
Minnesota,LASST270000000000003,1999,23,46.729553,-94.6858998,0.3999999999999999
Minnesota,LASST270000000000003,2000,23,46.729553,-94.6858998,0.3999999999999999
Minnesota,LASST270000000000003,2001,23,46.729553,-94.6858998,1.0000000000000004
Minnesota,LASST270000000000003,2002,23,46.729553,-94.6858998,-0.09999999999999964
Minnesota,LASST270000000000003,2003,23,46.729553,-94.6858998,0.40000000000000036
Minnesota,LASST270000000000003,2004,23,46.729553,-94.6858998,-0.6000000000000005
Minnesota,LASST270000000000003,2005,23,46.729553,-94.6858998,-0.20000000000000018
Minnesota,LASST270000000000003,2006,23,46.729553,-94.6858998,0.20000000000000018
Minnesota,LASST270000000000003,2007,23,46.729553,-94.6858998,0.40000000000000036
Minnesota,LASST270000000000003,2008,23,46.729553,-94.6858998,2.0
Minnesota,LASST270000000000003,2009,23,46.729553,-94.6858998,0.7000000000000002
Minnesota,LASST270000000000003,2010,23,46.729553,-94.6858998,-0.6000000000000005
Minnesota,LASST270000000000003,2011,23,46.729553,-94.6858998,-1.0
Minnesota,LASST270000000000003,2012,23,46.729553,-94.6858998,-0.39999999999999947
Minnesota,LASST270000000000003,2013,23,46.729553,-94.6858998,-0.5999999999999996
Minnesota,LASST270000000000003,2014,23,46.729553,-94.6858998,-0.7999999999999998
Minnesota,LASST270000000000003,2015,23,46.729553,-94.6858998,-0.09999999999999964
Minnesota,LASST270000000000003,2016,23,46.729553,-94.6858998,0.19999999999999973
Mississippi,LASST280000000000003,1996,24,32.3546679,-89.3985283,-0.39999999999999947
Mississippi,LASST280000000000003,1997,24,32.3546679,-89.3985283,-0.40000000000000036
Mississippi,LASST280000000000003,1998,24,32.3546679,-89.3985283,-0.3000000000000007
Mississippi,LASST280000000000003,1999,24,32.3546679,-89.3985283,0.40000000000000036
Mississippi,LASST280000000000003,2000,24,32.3546679,-89.3985283,-0.40000000000000036
Mississippi,LASST280000000000003,2001,24,32.3546679,-89.3985283,1.5999999999999996
Mississippi,LASST280000000000003,2002,24,32.3546679,-89.3985283,-0.20000000000000018
Mississippi,LASST280000000000003,2003,24,32.3546679,-89.3985283,-0.9000000000000004
Mississippi,LASST280000000000003,2004,24,32.3546679,-89.3985283,1.1000000000000005
Mississippi,LASST280000000000003,2005,24,32.3546679,-89.3985283,1.2999999999999998
Mississippi,LASST280000000000003,2006,24,32.3546679,-89.3985283,-1.1000000000000005
Mississippi,LASST280000000000003,2007,24,32.3546679,-89.3985283,-0.5
Mississippi,LASST280000000000003,2008,24,32.3546679,-89.3985283,1.7999999999999998
Mississippi,LASST280000000000003,2009,24,32.3546679,-89.3985283,2.6999999999999993
Mississippi,LASST280000000000003,2010,24,32.3546679,-89.3985283,-0.7000000000000011
Mississippi,LASST280000000000003,2011,24,32.3546679,-89.3985283,-0.6999999999999993
Mississippi,LASST280000000000003,2012,24,32.3546679,-89.3985283,-0.29999999999999893
Mississippi,LASST280000000000003,2013,24,32.3546679,-89.3985283,-0.8000000000000007
Mississippi,LASST280000000000003,2014,24,32.3546679,-89.3985283,-1.2000000000000002
Mississippi,LASST280000000000003,2015,24,32.3546679,-89.3985283,-0.5
Mississippi,LASST280000000000003,2016,24,32.3546679,-89.3985283,-0.5999999999999996
Missouri,LASST290000000000003,1996,25,37.9642529,-91.83183340000001,0.2999999999999998
Missouri,LASST290000000000003,1997,25,37.9642529,-91.83183340000001,-0.2999999999999998
Missouri,LASST290000000000003,1998,25,37.9642529,-91.83183340000001,-1.0000000000000004
Missouri,LASST290000000000003,1999,25,37.9642529,-91.83183340000001,-0.19999999999999973
Missouri,LASST290000000000003,2000,25,37.9642529,-91.83183340000001,1.1999999999999997
Missouri,LASST290000000000003,2001,25,37.9642529,-91.83183340000001,0.7999999999999998
Missouri,LASST290000000000003,2002,25,37.9642529,-91.83183340000001,0.0
Missouri,LASST290000000000003,2003,25,37.9642529,-91.83183340000001,0.20000000000000018
Missouri,LASST290000000000003,2004,25,37.9642529,-91.83183340000001,0.5
Missouri,LASST290000000000003,2005,25,37.9642529,-91.83183340000001,-0.9000000000000004
Missouri,LASST290000000000003,2006,25,37.9642529,-91.83183340000001,-0.09999999999999964
Missouri,LASST290000000000003,2007,25,37.9642529,-91.83183340000001,0.6000000000000005
Missouri,LASST290000000000003,2008,25,37.9642529,-91.83183340000001,2.4000000000000004
Missouri,LASST290000000000003,2009,25,37.9642529,-91.83183340000001,1.5999999999999996
Missouri,LASST290000000000003,2010,25,37.9642529,-91.83183340000001,-0.40000000000000036
Missouri,LASST290000000000003,2011,25,37.9642529,-91.83183340000001,-1.700000000000001
Missouri,LASST290000000000003,2012,25,37.9642529,-91.83183340000001,-0.5
Missouri,LASST290000000000003,2013,25,37.9642529,-91.83183340000001,-0.3000000000000007
Missouri,LASST290000000000003,2014,25,37.9642529,-91.83183340000001,-1.1000000000000005
Missouri,LASST290000000000003,2015,25,37.9642529,-91.83183340000001,-1.0999999999999996
Missouri,LASST290000000000003,2016,25,37.9642529,-91.83183340000001,-0.10000000000000053
Montana,LASST300000000000003,1996,26,46.879682200000005,-110.3625658,-0.5
Montana,LASST300000000000003,1997,26,46.879682200000005,-110.3625658,0.40000000000000036
Montana,LASST300000000000003,1998,26,46.879682200000005,-110.3625658,0.09999999999999964
Montana,LASST300000000000003,1999,26,46.879682200000005,-110.3625658,-0.40000000000000036
Montana,LASST300000000000003,2000,26,46.879682200000005,-110.3625658,-0.39999999999999947
Montana,LASST300000000000003,2001,26,46.879682200000005,-110.3625658,-0.20000000000000018
Montana,LASST300000000000003,2002,26,46.879682200000005,-110.3625658,-0.09999999999999964
Montana,LASST300000000000003,2003,26,46.879682200000005,-110.3625658,0.40000000000000036
Montana,LASST300000000000003,2004,26,46.879682200000005,-110.3625658,-0.3000000000000007
Montana,LASST300000000000003,2005,26,46.879682200000005,-110.3625658,-0.6999999999999997
Montana,LASST300000000000003,2006,26,46.879682200000005,-110.3625658,-0.8999999999999999
Montana,LASST300000000000003,2007,26,46.879682200000005,-110.3625658,1.2000000000000002
Montana,LASST300000000000003,2008,26,46.879682200000005,-110.3625658,2.0
Montana,LASST300000000000003,2009,26,46.879682200000005,-110.3625658,0.7000000000000002
Montana,LASST300000000000003,2010,26,46.879682200000005,-110.3625658,0.0
Montana,LASST300000000000003,2011,26,46.879682200000005,-110.3625658,-0.8999999999999995
Montana,LASST300000000000003,2012,26,46.879682200000005,-110.3625658,-0.7000000000000002
Montana,LASST300000000000003,2013,26,46.879682200000005,-110.3625658,-0.5
Montana,LASST300000000000003,2014,26,46.879682200000005,-110.3625658,-0.7000000000000002
Montana,LASST300000000000003,2015,26,46.879682200000005,-110.3625658,-0.09999999999999964
Montana,LASST300000000000003,2016,26,46.879682200000005,-110.3625658,-0.20000000000000018
Nebraska,LASST310000000000003,1996,27,41.4925374,-99.9018131,-0.19999999999999973
Nebraska,LASST310000000000003,1997,27,41.4925374,-99.9018131,-0.20000000000000018
Nebraska,LASST310000000000003,1998,27,41.4925374,-99.9018131,0.30000000000000027
Nebraska,LASST310000000000003,1999,27,41.4925374,-99.9018131,0.09999999999999964
Nebraska,LASST310000000000003,2000,27,41.4925374,-99.9018131,0.10000000000000009
Nebraska,LASST310000000000003,2001,27,41.4925374,-99.9018131,0.6000000000000001
Nebraska,LASST310000000000003,2002,27,41.4925374,-99.9018131,0.10000000000000009
Nebraska,LASST310000000000003,2003,27,41.4925374,-99.9018131,0.10000000000000009
Nebraska,LASST310000000000003,2004,27,41.4925374,-99.9018131,0.0
Nebraska,LASST310000000000003,2005,27,41.4925374,-99.9018131,-0.5
Nebraska,LASST310000000000003,2006,27,41.4925374,-99.9018131,-0.3999999999999999
Nebraska,LASST310000000000003,2007,27,41.4925374,-99.9018131,0.10000000000000009
Nebraska,LASST310000000000003,2008,27,41.4925374,-99.9018131,0.8999999999999999
Nebraska,LASST310000000000003,2009,27,41.4925374,-99.9018131,0.7000000000000002
Nebraska,LASST310000000000003,2010,27,41.4925374,-99.9018131,-0.40000000000000036
Nebraska,LASST310000000000003,2011,27,41.4925374,-99.9018131,-0.2999999999999998
Nebraska,LASST310000000000003,2012,27,41.4925374,-99.9018131,-0.09999999999999964
Nebraska,LASST310000000000003,2013,27,41.4925374,-99.9018131,-0.2999999999999998
Nebraska,LASST310000000000003,2014,27,41.4925374,-99.9018131,-0.5
Nebraska,LASST310000000000003,2015,27,41.4925374,-99.9018131,0.10000000000000009
Nebraska,LASST310000000000003,2016,27,41.4925374,-99.9018131,0.10000000000000009
Nevada,LASST320000000000003,1996,28,38.8026097,-116.419389,-0.5999999999999996
Nevada,LASST320000000000003,1997,28,38.8026097,-116.419389,-0.1999999999999993
Nevada,LASST320000000000003,1998,28,38.8026097,-116.419389,-0.7000000000000002
Nevada,LASST320000000000003,1999,28,38.8026097,-116.419389,0.10000000000000009
Nevada,LASST320000000000003,2000,28,38.8026097,-116.419389,0.6999999999999997
Nevada,LASST320000000000003,2001,28,38.8026097,-116.419389,1.5
Nevada,LASST320000000000003,2002,28,38.8026097,-116.419389,-0.7999999999999998
Nevada,LASST320000000000003,2003,28,38.8026097,-116.419389,-0.5
Nevada,LASST320000000000003,2004,28,38.8026097,-116.419389,-0.5
Nevada,LASST320000000000003,2005,28,38.8026097,-116.419389,-0.19999999999999973
Nevada,LASST320000000000003,2006,28,38.8026097,-116.419389,0.19999999999999973
Nevada,LASST320000000000003,2007,28,38.8026097,-116.419389,0.9000000000000004
Nevada,LASST320000000000003,2008,28,38.8026097,-116.419389,3.8
Nevada,LASST320000000000003,2009,28,38.8026097,-116.419389,3.1999999999999993
Nevada,LASST320000000000003,2010,28,38.8026097,-116.419389,0.5999999999999996
Nevada,LASST320000000000003,2011,28,38.8026097,-116.419389,-1.1999999999999993
Nevada,LASST320000000000003,2012,28,38.8026097,-116.419389,-1.5
Nevada,LASST320000000000003,2013,28,38.8026097,-116.419389,-1.5999999999999996
Nevada,LASST320000000000003,2014,28,38.8026097,-116.419389,-1.2999999999999998
Nevada,LASST320000000000003,2015,28,38.8026097,-116.419389,-0.9000000000000004
Nevada,LASST320000000000003,2016,28,38.8026097,-116.419389,-0.9000000000000004
NewHampshire,LASST330000000000003,1996,29,43.1938516,-71.5723953,-0.19999999999999973
NewHampshire,LASST330000000000003,1997,29,43.1938516,-71.5723953,-0.6000000000000001
NewHampshire,LASST330000000000003,1998,29,43.1938516,-71.5723953,0.0
NewHampshire,LASST330000000000003,1999,29,43.1938516,-71.5723953,-0.09999999999999964
NewHampshire,LASST330000000000003,2000,29,43.1938516,-71.5723953,0.0
NewHampshire,LASST330000000000003,2001,29,43.1938516,-71.5723953,1.5
NewHampshire,LASST330000000000003,2002,29,43.1938516,-71.5723953,0.20000000000000018
NewHampshire,LASST330000000000003,2003,29,43.1938516,-71.5723953,-0.20000000000000018
NewHampshire,LASST330000000000003,2004,29,43.1938516,-71.5723953,-0.49999999999999956
NewHampshire,LASST330000000000003,2005,29,43.1938516,-71.5723953,-0.20000000000000018
NewHampshire,LASST330000000000003,2006,29,43.1938516,-71.5723953,0.20000000000000018
NewHampshire,LASST330000000000003,2007,29,43.1938516,-71.5723953,-0.10000000000000009
NewHampshire,LASST330000000000003,2008,29,43.1938516,-71.5723953,1.2999999999999998
NewHampshire,LASST330000000000003,2009,29,43.1938516,-71.5723953,1.0999999999999996
NewHampshire,LASST330000000000003,2010,29,43.1938516,-71.5723953,-0.7999999999999998
NewHampshire,LASST330000000000003,2011,29,43.1938516,-71.5723953,0.0
NewHampshire,LASST330000000000003,2012,29,43.1938516,-71.5723953,0.09999999999999964
NewHampshire,LASST330000000000003,2013,29,43.1938516,-71.5723953,-0.7000000000000002
NewHampshire,LASST330000000000003,2014,29,43.1938516,-71.5723953,-0.8000000000000003
NewHampshire,LASST330000000000003,2015,29,43.1938516,-71.5723953,-0.7999999999999998
NewHampshire,LASST330000000000003,2016,29,43.1938516,-71.5723953,-0.10000000000000009
NewJersey,LASST340000000000003,1996,30,40.0583238,-74.40566120000001,-0.5
NewJersey,LASST340000000000003,1997,30,40.0583238,-74.40566120000001,-0.7999999999999998
NewJersey,LASST340000000000003,1998,30,40.0583238,-74.40566120000001,-0.7000000000000002
NewJersey,LASST340000000000003,1999,30,40.0583238,-74.40566120000001,-0.5000000000000004
NewJersey,LASST340000000000003,2000,30,40.0583238,-74.40566120000001,-0.09999999999999964
NewJersey,LASST340000000000003,2001,30,40.0583238,-74.40566120000001,1.5999999999999996
NewJersey,LASST340000000000003,2002,30,40.0583238,-74.40566120000001,0.40000000000000036
NewJersey,LASST340000000000003,2003,30,40.0583238,-74.40566120000001,-0.5
NewJersey,LASST340000000000003,2004,30,40.0583238,-74.40566120000001,-0.8999999999999995
NewJersey,LASST340000000000003,2005,30,40.0583238,-74.40566120000001,0.5
NewJersey,LASST340000000000003,2006,30,40.0583238,-74.40566120000001,-0.6000000000000005
NewJersey,LASST340000000000003,2007,30,40.0583238,-74.40566120000001,0.2999999999999998
NewJersey,LASST340000000000003,2008,30,40.0583238,-74.40566120000001,2.3000000000000007
NewJersey,LASST340000000000003,2009,30,40.0583238,-74.40566120000001,2.4000000000000004
NewJersey,LASST340000000000003,2010,30,40.0583238,-74.40566120000001,-0.3000000000000007
NewJersey,LASST340000000000003,2011,30,40.0583238,-74.40566120000001,-0.20000000000000107
NewJersey,LASST340000000000003,2012,30,40.0583238,-74.40566120000001,0.0
NewJersey,LASST340000000000003,2013,30,40.0583238,-74.40566120000001,-1.7000000000000002
NewJersey,LASST340000000000003,2014,30,40.0583238,-74.40566120000001,-0.7000000000000002
NewJersey,LASST340000000000003,2015,30,40.0583238,-74.40566120000001,-1.5
NewJersey,LASST340000000000003,2016,30,40.0583238,-74.40566120000001,-0.2999999999999998
NewMexico,LASST350000000000003,1996,31,34.5199402,-105.87009009999998,-0.20000000000000018
NewMexico,LASST350000000000003,1997,31,34.5199402,-105.87009009999998,-0.9000000000000004
NewMexico,LASST350000000000003,1998,31,34.5199402,-105.87009009999998,-0.1999999999999993
NewMexico,LASST350000000000003,1999,31,34.5199402,-105.87009009999998,-0.8000000000000007
NewMexico,LASST350000000000003,2000,31,34.5199402,-105.87009009999998,-0.1999999999999993
NewMexico,LASST350000000000003,2001,31,34.5199402,-105.87009009999998,0.2999999999999998
NewMexico,LASST350000000000003,2002,31,34.5199402,-105.87009009999998,0.2999999999999998
NewMexico,LASST350000000000003,2003,31,34.5199402,-105.87009009999998,0.3000000000000007
NewMexico,LASST350000000000003,2004,31,34.5199402,-105.87009009999998,-0.39999999999999947
NewMexico,LASST350000000000003,2005,31,34.5199402,-105.87009009999998,-0.9000000000000004
NewMexico,LASST350000000000003,2006,31,34.5199402,-105.87009009999998,-0.5000000000000004
NewMexico,LASST350000000000003,2007,31,34.5199402,-105.87009009999998,0.0
NewMexico,LASST350000000000003,2008,31,34.5199402,-105.87009009999998,1.9
NewMexico,LASST350000000000003,2009,31,34.5199402,-105.87009009999998,1.7000000000000002
NewMexico,LASST350000000000003,2010,31,34.5199402,-105.87009009999998,-0.20000000000000018
NewMexico,LASST350000000000003,2011,31,34.5199402,-105.87009009999998,-0.10000000000000053
NewMexico,LASST350000000000003,2012,31,34.5199402,-105.87009009999998,-0.5
NewMexico,LASST350000000000003,2013,31,34.5199402,-105.87009009999998,-0.09999999999999964
NewMexico,LASST350000000000003,2014,31,34.5199402,-105.87009009999998,-0.5
NewMexico,LASST350000000000003,2015,31,34.5199402,-105.87009009999998,0.09999999999999964
NewMexico,LASST350000000000003,2016,31,34.5199402,-105.87009009999998,-0.09999999999999964
NewYork,LASST360000000000003,1996,32,40.7127753,-74.0059728,0.10000000000000053
NewYork,LASST360000000000003,1997,32,40.7127753,-74.0059728,-0.40000000000000036
NewYork,LASST360000000000003,1998,32,40.7127753,-74.0059728,-0.5999999999999996
NewYork,LASST360000000000003,1999,32,40.7127753,-74.0059728,-0.5
NewYork,LASST360000000000003,2000,32,40.7127753,-74.0059728,-0.5
NewYork,LASST360000000000003,2001,32,40.7127753,-74.0059728,1.7999999999999998
NewYork,LASST360000000000003,2002,32,40.7127753,-74.0059728,0.10000000000000053
NewYork,LASST360000000000003,2003,32,40.7127753,-74.0059728,0.10000000000000053
NewYork,LASST360000000000003,2004,32,40.7127753,-74.0059728,-1.2000000000000002
NewYork,LASST360000000000003,2005,32,40.7127753,-74.0059728,-0.1999999999999993
NewYork,LASST360000000000003,2006,32,40.7127753,-74.0059728,-0.5999999999999996
NewYork,LASST360000000000003,2007,32,40.7127753,-74.0059728,0.5999999999999996
NewYork,LASST360000000000003,2008,32,40.7127753,-74.0059728,1.9000000000000004
NewYork,LASST360000000000003,2009,32,40.7127753,-74.0059728,1.8000000000000007
NewYork,LASST360000000000003,2010,32,40.7127753,-74.0059728,-0.5
NewYork,LASST360000000000003,2011,32,40.7127753,-74.0059728,0.29999999999999893
NewYork,LASST360000000000003,2012,32,40.7127753,-74.0059728,-0.40000000000000036
NewYork,LASST360000000000003,2013,32,40.7127753,-74.0059728,-1.0
NewYork,LASST360000000000003,2014,32,40.7127753,-74.0059728,-1.2000000000000002
NewYork,LASST360000000000003,2015,32,40.7127753,-74.0059728,-0.7999999999999998
NewYork,LASST360000000000003,2016,32,40.7127753,-74.0059728,-0.10000000000000053
NorthCarolina,LASST370000000000003,1996,33,35.759573100000004,-79.01929969999998,-0.5999999999999996
NorthCarolina,LASST370000000000003,1997,33,35.759573100000004,-79.01929969999998,-0.19999999999999973
NorthCarolina,LASST370000000000003,1998,33,35.759573100000004,-79.01929969999998,-0.5
NorthCarolina,LASST370000000000003,1999,33,35.759573100000004,-79.01929969999998,0.19999999999999973
NorthCarolina,LASST370000000000003,2000,33,35.759573100000004,-79.01929969999998,0.9000000000000004
NorthCarolina,LASST370000000000003,2001,33,35.759573100000004,-79.01929969999998,2.3
NorthCarolina,LASST370000000000003,2002,33,35.759573100000004,-79.01929969999998,-0.2999999999999998
NorthCarolina,LASST370000000000003,2003,33,35.759573100000004,-79.01929969999998,-0.40000000000000036
NorthCarolina,LASST370000000000003,2004,33,35.759573100000004,-79.01929969999998,-0.5
NorthCarolina,LASST370000000000003,2005,33,35.759573100000004,-79.01929969999998,-0.6000000000000005
NorthCarolina,LASST370000000000003,2006,33,35.759573100000004,-79.01929969999998,0.0
NorthCarolina,LASST370000000000003,2007,33,35.759573100000004,-79.01929969999998,0.20000000000000018
NorthCarolina,LASST370000000000003,2008,33,35.759573100000004,-79.01929969999998,4.199999999999999
NorthCarolina,LASST370000000000003,2009,33,35.759573100000004,-79.01929969999998,1.5999999999999996
NorthCarolina,LASST370000000000003,2010,33,35.759573100000004,-79.01929969999998,-1.0
NorthCarolina,LASST370000000000003,2011,33,35.759573100000004,-79.01929969999998,-0.5999999999999996
NorthCarolina,LASST370000000000003,2012,33,35.759573100000004,-79.01929969999998,-0.5999999999999996
NorthCarolina,LASST370000000000003,2013,33,35.759573100000004,-79.01929969999998,-1.9000000000000004
NorthCarolina,LASST370000000000003,2014,33,35.759573100000004,-79.01929969999998,-1.0
NorthCarolina,LASST370000000000003,2015,33,35.759573100000004,-79.01929969999998,-0.40000000000000036
NorthCarolina,LASST370000000000003,2016,33,35.759573100000004,-79.01929969999998,-0.2999999999999998
NorthDakota,LASST380000000000003,1996,34,47.5514926,-101.0020119,-0.30000000000000027
NorthDakota,LASST380000000000003,1997,34,47.5514926,-101.0020119,-0.2999999999999998
NorthDakota,LASST380000000000003,1998,34,47.5514926,-101.0020119,0.7999999999999998
NorthDakota,LASST380000000000003,1999,34,47.5514926,-101.0020119,-0.2999999999999998
NorthDakota,LASST380000000000003,2000,34,47.5514926,-101.0020119,-0.20000000000000018
NorthDakota,LASST380000000000003,2001,34,47.5514926,-101.0020119,0.5
NorthDakota,LASST380000000000003,2002,34,47.5514926,-101.0020119,0.2999999999999998
NorthDakota,LASST380000000000003,2003,34,47.5514926,-101.0020119,-0.2999999999999998
NorthDakota,LASST380000000000003,2004,34,47.5514926,-101.0020119,-0.10000000000000009
NorthDakota,LASST380000000000003,2005,34,47.5514926,-101.0020119,-0.10000000000000009
NorthDakota,LASST380000000000003,2006,34,47.5514926,-101.0020119,0.0
NorthDakota,LASST380000000000003,2007,34,47.5514926,-101.0020119,-0.20000000000000018
NorthDakota,LASST380000000000003,2008,34,47.5514926,-101.0020119,0.7000000000000002
NorthDakota,LASST380000000000003,2009,34,47.5514926,-101.0020119,0.10000000000000009
NorthDakota,LASST380000000000003,2010,34,47.5514926,-101.0020119,-0.3999999999999999
NorthDakota,LASST380000000000003,2011,34,47.5514926,-101.0020119,-0.20000000000000018
NorthDakota,LASST380000000000003,2012,34,47.5514926,-101.0020119,-0.10000000000000009
NorthDakota,LASST380000000000003,2013,34,47.5514926,-101.0020119,-0.30000000000000027
NorthDakota,LASST380000000000003,2014,34,47.5514926,-101.0020119,-0.10000000000000009
NorthDakota,LASST380000000000003,2015,34,47.5514926,-101.0020119,0.3999999999999999
NorthDakota,LASST380000000000003,2016,34,47.5514926,-101.0020119,-0.20000000000000018
Ohio,LASST390000000000003,1996,35,40.4172871,-82.90712300000001,0.0
Ohio,LASST390000000000003,1997,35,40.4172871,-82.90712300000001,-0.5999999999999996
Ohio,LASST390000000000003,1998,35,40.4172871,-82.90712300000001,-0.10000000000000053
Ohio,LASST390000000000003,1999,35,40.4172871,-82.90712300000001,0.0
Ohio,LASST390000000000003,2000,35,40.4172871,-82.90712300000001,-0.2999999999999998
Ohio,LASST390000000000003,2001,35,40.4172871,-82.90712300000001,1.7000000000000002
Ohio,LASST390000000000003,2002,35,40.4172871,-82.90712300000001,0.3000000000000007
Ohio,LASST390000000000003,2003,35,40.4172871,-82.90712300000001,0.0
Ohio,LASST390000000000003,2004,35,40.4172871,-82.90712300000001,0.3000000000000007
Ohio,LASST390000000000003,2005,35,40.4172871,-82.90712300000001,-0.7000000000000002
Ohio,LASST390000000000003,2006,35,40.4172871,-82.90712300000001,-0.09999999999999964
Ohio,LASST390000000000003,2007,35,40.4172871,-82.90712300000001,0.1999999999999993
Ohio,LASST390000000000003,2008,35,40.4172871,-82.90712300000001,2.5999999999999996
Ohio,LASST390000000000003,2009,35,40.4172871,-82.90712300000001,2.3000000000000007
Ohio,LASST390000000000003,2010,35,40.4172871,-82.90712300000001,-1.5999999999999996
Ohio,LASST390000000000003,2011,35,40.4172871,-82.90712300000001,-1.3000000000000007
Ohio,LASST390000000000003,2012,35,40.4172871,-82.90712300000001,-0.2999999999999998
Ohio,LASST390000000000003,2013,35,40.4172871,-82.90712300000001,-0.5999999999999996
Ohio,LASST390000000000003,2014,35,40.4172871,-82.90712300000001,-1.3999999999999995
Ohio,LASST390000000000003,2015,35,40.4172871,-82.90712300000001,-0.1999999999999993
Ohio,LASST390000000000003,2016,35,40.4172871,-82.90712300000001,0.20000000000000018
Oklahoma,LASST400000000000003,1996,36,35.4675602,-97.5164276,-0.3000000000000007
Oklahoma,LASST400000000000003,1997,36,35.4675602,-97.5164276,-0.30000000000000027
Oklahoma,LASST400000000000003,1998,36,35.4675602,-97.5164276,0.19999999999999973
Oklahoma,LASST400000000000003,1999,36,35.4675602,-97.5164276,-0.7999999999999998
Oklahoma,LASST400000000000003,2000,36,35.4675602,-97.5164276,-0.30000000000000027
Oklahoma,LASST400000000000003,2001,36,35.4675602,-97.5164276,1.5
Oklahoma,LASST400000000000003,2002,36,35.4675602,-97.5164276,0.5
Oklahoma,LASST400000000000003,2003,36,35.4675602,-97.5164276,0.09999999999999964
Oklahoma,LASST400000000000003,2004,36,35.4675602,-97.5164276,-0.5
Oklahoma,LASST400000000000003,2005,36,35.4675602,-97.5164276,-0.6000000000000005
Oklahoma,LASST400000000000003,2006,36,35.4675602,-97.5164276,0.20000000000000018
Oklahoma,LASST400000000000003,2007,36,35.4675602,-97.5164276,-0.6000000000000001
Oklahoma,LASST400000000000003,2008,36,35.4675602,-97.5164276,1.2000000000000002
Oklahoma,LASST400000000000003,2009,36,35.4675602,-97.5164276,1.9000000000000004
Oklahoma,LASST400000000000003,2010,36,35.4675602,-97.5164276,-0.6999999999999993
Oklahoma,LASST400000000000003,2011,36,35.4675602,-97.5164276,-0.6000000000000005
Oklahoma,LASST400000000000003,2012,36,35.4675602,-97.5164276,-0.20000000000000018
Oklahoma,LASST400000000000003,2013,36,35.4675602,-97.5164276,-0.20000000000000018
Oklahoma,LASST400000000000003,2014,36,35.4675602,-97.5164276,-0.7999999999999998
Oklahoma,LASST400000000000003,2015,36,35.4675602,-97.5164276,0.2999999999999998
Oklahoma,LASST400000000000003,2016,36,35.4675602,-97.5164276,0.10000000000000053
Oregon,LASST410000000000003,1996,37,43.8041334,-120.55420120000001,0.5999999999999996
Oregon,LASST410000000000003,1997,37,43.8041334,-120.55420120000001,-0.5999999999999996
Oregon,LASST410000000000003,1998,37,43.8041334,-120.55420120000001,0.5
Oregon,LASST410000000000003,1999,37,43.8041334,-120.55420120000001,-0.7000000000000002
Oregon,LASST410000000000003,2000,37,43.8041334,-120.55420120000001,0.20000000000000018
Oregon,LASST410000000000003,2001,37,43.8041334,-120.55420120000001,2.5
Oregon,LASST410000000000003,2002,37,43.8041334,-120.55420120000001,-0.3000000000000007
Oregon,LASST410000000000003,2003,37,43.8041334,-120.55420120000001,0.0
Oregon,LASST410000000000003,2004,37,43.8041334,-120.55420120000001,-1.0
Oregon,LASST410000000000003,2005,37,43.8041334,-120.55420120000001,-0.8999999999999995
Oregon,LASST410000000000003,2006,37,43.8041334,-120.55420120000001,-0.39999999999999947
Oregon,LASST410000000000003,2007,37,43.8041334,-120.55420120000001,0.20000000000000018
Oregon,LASST410000000000003,2008,37,43.8041334,-120.55420120000001,4.3
Oregon,LASST410000000000003,2009,37,43.8041334,-120.55420120000001,0.5999999999999996
Oregon,LASST410000000000003,2010,37,43.8041334,-120.55420120000001,-0.8000000000000007
Oregon,LASST410000000000003,2011,37,43.8041334,-120.55420120000001,-0.7000000000000011
Oregon,LASST410000000000003,2012,37,43.8041334,-120.55420120000001,-0.5
Oregon,LASST410000000000003,2013,37,43.8041334,-120.55420120000001,-1.2000000000000002
Oregon,LASST410000000000003,2014,37,43.8041334,-120.55420120000001,-1.2000000000000002
Oregon,LASST410000000000003,2015,37,43.8041334,-120.55420120000001,-0.9000000000000004
Oregon,LASST410000000000003,2016,37,43.8041334,-120.55420120000001,-0.7999999999999998
Pennsylvania,LASST420000000000003,1996,38,41.2033216,-77.1945247,-0.7000000000000002
Pennsylvania,LASST420000000000003,1997,38,41.2033216,-77.1945247,-0.5999999999999996
Pennsylvania,LASST420000000000003,1998,38,41.2033216,-77.1945247,-0.20000000000000018
Pennsylvania,LASST420000000000003,1999,38,41.2033216,-77.1945247,-0.2999999999999998
Pennsylvania,LASST420000000000003,2000,38,41.2033216,-77.1945247,0.20000000000000018
Pennsylvania,LASST420000000000003,2001,38,41.2033216,-77.1945247,1.1000000000000005
Pennsylvania,LASST420000000000003,2002,38,41.2033216,-77.1945247,0.2999999999999998
Pennsylvania,LASST420000000000003,2003,38,41.2033216,-77.1945247,-0.2999999999999998
Pennsylvania,LASST420000000000003,2004,38,41.2033216,-77.1945247,-0.20000000000000018
Pennsylvania,LASST420000000000003,2005,38,41.2033216,-77.1945247,-0.5
Pennsylvania,LASST420000000000003,2006,38,41.2033216,-77.1945247,-0.2999999999999998
Pennsylvania,LASST420000000000003,2007,38,41.2033216,-77.1945247,0.40000000000000036
Pennsylvania,LASST420000000000003,2008,38,41.2033216,-77.1945247,1.8999999999999995
Pennsylvania,LASST420000000000003,2009,38,41.2033216,-77.1945247,1.5999999999999996
Pennsylvania,LASST420000000000003,2010,38,41.2033216,-77.1945247,-0.6999999999999993
Pennsylvania,LASST420000000000003,2011,38,41.2033216,-77.1945247,-0.10000000000000053
Pennsylvania,LASST420000000000003,2012,38,41.2033216,-77.1945247,0.20000000000000018
Pennsylvania,LASST420000000000003,2013,38,41.2033216,-77.1945247,-1.2000000000000002
Pennsylvania,LASST420000000000003,2014,38,41.2033216,-77.1945247,-1.0999999999999996
Pennsylvania,LASST420000000000003,2015,38,41.2033216,-77.1945247,-0.20000000000000018
Pennsylvania,LASST420000000000003,2016,38,41.2033216,-77.1945247,0.0
PuertoRico,LASST720000000000003,1996,39,18.220833,-66.590149,-1.200000000000001
PuertoRico,LASST720000000000003,1997,39,18.220833,-66.590149,1.700000000000001
PuertoRico,LASST720000000000003,1998,39,18.220833,-66.590149,-1.0999999999999996
PuertoRico,LASST720000000000003,1999,39,18.220833,-66.590149,-1.0
PuertoRico,LASST720000000000003,2000,39,18.220833,-66.590149,-1.1999999999999993
PuertoRico,LASST720000000000003,2001,39,18.220833,-66.590149,1.0
PuertoRico,LASST720000000000003,2002,39,18.220833,-66.590149,0.5
PuertoRico,LASST720000000000003,2003,39,18.220833,-66.590149,-0.5
PuertoRico,LASST720000000000003,2004,39,18.220833,-66.590149,-1.0
PuertoRico,LASST720000000000003,2005,39,18.220833,-66.590149,0.8000000000000007
PuertoRico,LASST720000000000003,2006,39,18.220833,-66.590149,-0.8000000000000007
PuertoRico,LASST720000000000003,2007,39,18.220833,-66.590149,0.8999999999999986
PuertoRico,LASST720000000000003,2008,39,18.220833,-66.590149,2.5999999999999996
PuertoRico,LASST720000000000003,2009,39,18.220833,-66.590149,1.9000000000000004
PuertoRico,LASST720000000000003,2010,39,18.220833,-66.590149,0.0
PuertoRico,LASST720000000000003,2011,39,18.220833,-66.590149,-0.7999999999999989
PuertoRico,LASST720000000000003,2012,39,18.220833,-66.590149,-1.0
PuertoRico,LASST720000000000003,2013,39,18.220833,-66.590149,0.8000000000000007
PuertoRico,LASST720000000000003,2014,39,18.220833,-66.590149,-2.3000000000000007
PuertoRico,LASST720000000000003,2015,39,18.220833,-66.590149,-0.29999999999999893
PuertoRico,LASST720000000000003,2016,39,18.220833,-66.590149,0.20000000000000107
RhodeIsland,LASST440000000000003,1996,40,41.5800945,-71.4774291,-0.5
RhodeIsland,LASST440000000000003,1997,40,41.5800945,-71.4774291,-0.39999999999999947
RhodeIsland,LASST440000000000003,1998,40,41.5800945,-71.4774291,-0.5
RhodeIsland,LASST440000000000003,1999,40,41.5800945,-71.4774291,-0.20000000000000018
RhodeIsland,LASST440000000000003,2000,40,41.5800945,-71.4774291,0.09999999999999964
RhodeIsland,LASST440000000000003,2001,40,41.5800945,-71.4774291,0.5999999999999996
RhodeIsland,LASST440000000000003,2002,40,41.5800945,-71.4774291,0.5
RhodeIsland,LASST440000000000003,2003,40,41.5800945,-71.4774291,0.0
RhodeIsland,LASST440000000000003,2004,40,41.5800945,-71.4774291,-0.2999999999999998
RhodeIsland,LASST440000000000003,2005,40,41.5800945,-71.4774291,0.09999999999999964
RhodeIsland,LASST440000000000003,2006,40,41.5800945,-71.4774291,-0.2999999999999998
RhodeIsland,LASST440000000000003,2007,40,41.5800945,-71.4774291,1.2999999999999998
RhodeIsland,LASST440000000000003,2008,40,41.5800945,-71.4774291,3.499999999999999
RhodeIsland,LASST440000000000003,2009,40,41.5800945,-71.4774291,1.0
RhodeIsland,LASST440000000000003,2010,40,41.5800945,-71.4774291,0.0
RhodeIsland,LASST440000000000003,2011,40,41.5800945,-71.4774291,0.1999999999999993
RhodeIsland,LASST440000000000003,2012,40,41.5800945,-71.4774291,-1.5999999999999996
RhodeIsland,LASST440000000000003,2013,40,41.5800945,-71.4774291,-0.5
RhodeIsland,LASST440000000000003,2014,40,41.5800945,-71.4774291,-2.1000000000000005
RhodeIsland,LASST440000000000003,2015,40,41.5800945,-71.4774291,-1.0999999999999996
RhodeIsland,LASST440000000000003,2016,40,41.5800945,-71.4774291,-0.7000000000000002
SouthCarolina,LASST450000000000003,1996,41,33.836081,-81.1637245,0.2999999999999998
SouthCarolina,LASST450000000000003,1997,41,33.836081,-81.1637245,-1.8999999999999995
SouthCarolina,LASST450000000000003,1998,41,33.836081,-81.1637245,0.49999999999999956
SouthCarolina,LASST450000000000003,1999,41,33.836081,-81.1637245,0.0
SouthCarolina,LASST450000000000003,2000,41,33.836081,-81.1637245,0.0
SouthCarolina,LASST450000000000003,2001,41,33.836081,-81.1637245,1.7000000000000002
SouthCarolina,LASST450000000000003,2002,41,33.836081,-81.1637245,0.39999999999999947
SouthCarolina,LASST450000000000003,2003,41,33.836081,-81.1637245,0.40000000000000036
SouthCarolina,LASST450000000000003,2004,41,33.836081,-81.1637245,0.0
SouthCarolina,LASST450000000000003,2005,41,33.836081,-81.1637245,-0.09999999999999964
SouthCarolina,LASST450000000000003,2006,41,33.836081,-81.1637245,-0.5
SouthCarolina,LASST450000000000003,2007,41,33.836081,-81.1637245,-0.3000000000000007
SouthCarolina,LASST450000000000003,2008,41,33.836081,-81.1637245,3.5999999999999996
SouthCarolina,LASST450000000000003,2009,41,33.836081,-81.1637245,1.8999999999999986
SouthCarolina,LASST450000000000003,2010,41,33.836081,-81.1637245,-0.8999999999999986
SouthCarolina,LASST450000000000003,2011,41,33.836081,-81.1637245,-0.6999999999999993
SouthCarolina,LASST450000000000003,2012,41,33.836081,-81.1637245,-1.3000000000000007
SouthCarolina,LASST450000000000003,2013,41,33.836081,-81.1637245,-1.8000000000000007
SouthCarolina,LASST450000000000003,2014,41,33.836081,-81.1637245,0.09999999999999964
SouthCarolina,LASST450000000000003,2015,41,33.836081,-81.1637245,-1.0
SouthCarolina,LASST450000000000003,2016,41,33.836081,-81.1637245,-0.8000000000000007
SouthDakota,LASST460000000000003,1996,42,43.9695148,-99.9018131,-0.10000000000000009
SouthDakota,LASST460000000000003,1997,42,43.9695148,-99.9018131,-0.20000000000000018
SouthDakota,LASST460000000000003,1998,42,43.9695148,-99.9018131,-0.10000000000000009
SouthDakota,LASST460000000000003,1999,42,43.9695148,-99.9018131,-0.2999999999999998
SouthDakota,LASST460000000000003,2000,42,43.9695148,-99.9018131,0.20000000000000018
SouthDakota,LASST460000000000003,2001,42,43.9695148,-99.9018131,0.6999999999999997
SouthDakota,LASST460000000000003,2002,42,43.9695148,-99.9018131,-0.10000000000000009
SouthDakota,LASST460000000000003,2003,42,43.9695148,-99.9018131,0.30000000000000027
SouthDakota,LASST460000000000003,2004,42,43.9695148,-99.9018131,0.2999999999999998
SouthDakota,LASST460000000000003,2005,42,43.9695148,-99.9018131,-0.5
SouthDakota,LASST460000000000003,2006,42,43.9695148,-99.9018131,-0.10000000000000009
SouthDakota,LASST460000000000003,2007,42,43.9695148,-99.9018131,-0.2999999999999998
SouthDakota,LASST460000000000003,2008,42,43.9695148,-99.9018131,1.4
SouthDakota,LASST460000000000003,2009,42,43.9695148,-99.9018131,0.7999999999999998
SouthDakota,LASST460000000000003,2010,42,43.9695148,-99.9018131,-0.09999999999999964
SouthDakota,LASST460000000000003,2011,42,43.9695148,-99.9018131,-0.5999999999999996
SouthDakota,LASST460000000000003,2012,42,43.9695148,-99.9018131,-0.40000000000000036
SouthDakota,LASST460000000000003,2013,42,43.9695148,-99.9018131,-0.3999999999999999
SouthDakota,LASST460000000000003,2014,42,43.9695148,-99.9018131,-0.30000000000000027
SouthDakota,LASST460000000000003,2015,42,43.9695148,-99.9018131,-0.3999999999999999
SouthDakota,LASST460000000000003,2016,42,43.9695148,-99.9018131,0.20000000000000018
Tennessee,LASST470000000000003,1996,43,35.517491299999996,-86.5804473,0.5
Tennessee,LASST470000000000003,1997,43,35.517491299999996,-86.5804473,-1.0
Tennessee,LASST470000000000003,1998,43,35.517491299999996,-86.5804473,-0.20000000000000018
Tennessee,LASST470000000000003,1999,43,35.517491299999996,-86.5804473,-0.40000000000000036
Tennessee,LASST470000000000003,2000,43,35.517491299999996,-86.5804473,0.19999999999999973
Tennessee,LASST470000000000003,2001,43,35.517491299999996,-86.5804473,1.8000000000000003
Tennessee,LASST470000000000003,2002,43,35.517491299999996,-86.5804473,-0.7999999999999998
Tennessee,LASST470000000000003,2003,43,35.517491299999996,-86.5804473,0.3000000000000007
Tennessee,LASST470000000000003,2004,43,35.517491299999996,-86.5804473,0.5
Tennessee,LASST470000000000003,2005,43,35.517491299999996,-86.5804473,-0.6000000000000005
Tennessee,LASST470000000000003,2006,43,35.517491299999996,-86.5804473,-0.5999999999999996
Tennessee,LASST470000000000003,2007,43,35.517491299999996,-86.5804473,0.9000000000000004
Tennessee,LASST470000000000003,2008,43,35.517491299999996,-86.5804473,3.0999999999999996
Tennessee,LASST470000000000003,2009,43,35.517491299999996,-86.5804473,1.4000000000000004
Tennessee,LASST470000000000003,2010,43,35.517491299999996,-86.5804473,-0.9000000000000004
Tennessee,LASST470000000000003,2011,43,35.517491299999996,-86.5804473,-1.4000000000000004
Tennessee,LASST470000000000003,2012,43,35.517491299999996,-86.5804473,-0.10000000000000053
Tennessee,LASST470000000000003,2013,43,35.517491299999996,-86.5804473,-0.8000000000000007
Tennessee,LASST470000000000003,2014,43,35.517491299999996,-86.5804473,-0.5
Tennessee,LASST470000000000003,2015,43,35.517491299999996,-86.5804473,-1.2999999999999998
Tennessee,LASST470000000000003,2016,43,35.517491299999996,-86.5804473,-0.20000000000000018
Texas,LASST480000000000003,1996,44,31.968598800000002,-99.9018131,-0.5
Texas,LASST480000000000003,1997,44,31.968598800000002,-99.9018131,-0.7999999999999998
Texas,LASST480000000000003,1998,44,31.968598800000002,-99.9018131,-0.20000000000000018
Texas,LASST480000000000003,1999,44,31.968598800000002,-99.9018131,0.10000000000000053
Texas,LASST480000000000003,2000,44,31.968598800000002,-99.9018131,-0.5999999999999996
Texas,LASST480000000000003,2001,44,31.968598800000002,-99.9018131,1.9000000000000004
Texas,LASST480000000000003,2002,44,31.968598800000002,-99.9018131,0.5
Texas,LASST480000000000003,2003,44,31.968598800000002,-99.9018131,-0.2999999999999998
Texas,LASST480000000000003,2004,44,31.968598800000002,-99.9018131,-0.40000000000000036
Texas,LASST480000000000003,2005,44,31.968598800000002,-99.9018131,-0.5
Texas,LASST480000000000003,2006,44,31.968598800000002,-99.9018131,-0.7999999999999998
Texas,LASST480000000000003,2007,44,31.968598800000002,-99.9018131,-0.10000000000000053
Texas,LASST480000000000003,2008,44,31.968598800000002,-99.9018131,1.5
Texas,LASST480000000000003,2009,44,31.968598800000002,-99.9018131,2.200000000000001
Texas,LASST480000000000003,2010,44,31.968598800000002,-99.9018131,-0.20000000000000107
Texas,LASST480000000000003,2011,44,31.968598800000002,-99.9018131,-0.7999999999999998
Texas,LASST480000000000003,2012,44,31.968598800000002,-99.9018131,-0.5999999999999996
Texas,LASST480000000000003,2013,44,31.968598800000002,-99.9018131,-0.7000000000000002
Texas,LASST480000000000003,2014,44,31.968598800000002,-99.9018131,-1.1000000000000005
Texas,LASST480000000000003,2015,44,31.968598800000002,-99.9018131,-0.09999999999999964
Texas,LASST480000000000003,2016,44,31.968598800000002,-99.9018131,0.39999999999999947
Utah,LASST490000000000003,1996,45,39.32098010000001,-111.0937311,-0.10000000000000009
Utah,LASST490000000000003,1997,45,39.32098010000001,-111.0937311,0.10000000000000009
Utah,LASST490000000000003,1998,45,39.32098010000001,-111.0937311,0.20000000000000018
Utah,LASST490000000000003,1999,45,39.32098010000001,-111.0937311,-0.5
Utah,LASST490000000000003,2000,45,39.32098010000001,-111.0937311,0.6999999999999997
Utah,LASST490000000000003,2001,45,39.32098010000001,-111.0937311,1.4000000000000004
Utah,LASST490000000000003,2002,45,39.32098010000001,-111.0937311,0.5
Utah,LASST490000000000003,2003,45,39.32098010000001,-111.0937311,-0.5
Utah,LASST490000000000003,2004,45,39.32098010000001,-111.0937311,-0.7999999999999998
Utah,LASST490000000000003,2005,45,39.32098010000001,-111.0937311,-0.7000000000000002
Utah,LASST490000000000003,2006,45,39.32098010000001,-111.0937311,-1.0
Utah,LASST490000000000003,2007,45,39.32098010000001,-111.0937311,0.5
Utah,LASST490000000000003,2008,45,39.32098010000001,-111.0937311,2.5
Utah,LASST490000000000003,2009,45,39.32098010000001,-111.0937311,1.5999999999999996
Utah,LASST490000000000003,2010,45,39.32098010000001,-111.0937311,-0.3000000000000007
Utah,LASST490000000000003,2011,45,39.32098010000001,-111.0937311,-1.5
Utah,LASST490000000000003,2012,45,39.32098010000001,-111.0937311,-0.9000000000000004
Utah,LASST490000000000003,2013,45,39.32098010000001,-111.0937311,-0.7999999999999998
Utah,LASST490000000000003,2014,45,39.32098010000001,-111.0937311,-0.49999999999999956
Utah,LASST490000000000003,2015,45,39.32098010000001,-111.0937311,0.0
Utah,LASST490000000000003,2016,45,39.32098010000001,-111.0937311,-0.30000000000000027
Vermont,LASST500000000000003,1996,46,44.5588028,-72.57784149999998,-0.09999999999999964
Vermont,LASST500000000000003,1997,46,44.5588028,-72.57784149999998,-0.5
Vermont,LASST500000000000003,1998,46,44.5588028,-72.57784149999998,-0.3999999999999999
Vermont,LASST500000000000003,1999,46,44.5588028,-72.57784149999998,-0.3999999999999999
Vermont,LASST500000000000003,2000,46,44.5588028,-72.57784149999998,0.2999999999999998
Vermont,LASST500000000000003,2001,46,44.5588028,-72.57784149999998,0.7000000000000002
Vermont,LASST500000000000003,2002,46,44.5588028,-72.57784149999998,0.5999999999999996
Vermont,LASST500000000000003,2003,46,44.5588028,-72.57784149999998,-0.3000000000000007
Vermont,LASST500000000000003,2004,46,44.5588028,-72.57784149999998,-0.5
Vermont,LASST500000000000003,2005,46,44.5588028,-72.57784149999998,0.10000000000000009
Vermont,LASST500000000000003,2006,46,44.5588028,-72.57784149999998,0.3999999999999999
Vermont,LASST500000000000003,2007,46,44.5588028,-72.57784149999998,0.30000000000000027
Vermont,LASST500000000000003,2008,46,44.5588028,-72.57784149999998,1.4000000000000004
Vermont,LASST500000000000003,2009,46,44.5588028,-72.57784149999998,0.20000000000000018
Vermont,LASST500000000000003,2010,46,44.5588028,-72.57784149999998,-0.39999999999999947
Vermont,LASST500000000000003,2011,46,44.5588028,-72.57784149999998,-0.5999999999999996
Vermont,LASST500000000000003,2012,46,44.5588028,-72.57784149999998,-0.5
Vermont,LASST500000000000003,2013,46,44.5588028,-72.57784149999998,-0.39999999999999947
Vermont,LASST500000000000003,2014,46,44.5588028,-72.57784149999998,-0.2999999999999998
Vermont,LASST500000000000003,2015,46,44.5588028,-72.57784149999998,-0.3999999999999999
Vermont,LASST500000000000003,2016,46,44.5588028,-72.57784149999998,-0.19999999999999973
Virginia,LASST510000000000003,1996,47,37.4315734,-78.65689420000001,0.0
Virginia,LASST510000000000003,1997,47,37.4315734,-78.65689420000001,-1.4
Virginia,LASST510000000000003,1998,47,37.4315734,-78.65689420000001,-0.20000000000000018
Virginia,LASST510000000000003,1999,47,37.4315734,-78.65689420000001,0.0
Virginia,LASST510000000000003,2000,47,37.4315734,-78.65689420000001,-0.3999999999999999
Virginia,LASST510000000000003,2001,47,37.4315734,-78.65689420000001,1.9000000000000004
Virginia,LASST510000000000003,2002,47,37.4315734,-78.65689420000001,0.0
Virginia,LASST510000000000003,2003,47,37.4315734,-78.65689420000001,-0.30000000000000027
Virginia,LASST510000000000003,2004,47,37.4315734,-78.65689420000001,-0.19999999999999973
Virginia,LASST510000000000003,2005,47,37.4315734,-78.65689420000001,-0.40000000000000036
Virginia,LASST510000000000003,2006,47,37.4315734,-78.65689420000001,-0.20000000000000018
Virginia,LASST510000000000003,2007,47,37.4315734,-78.65689420000001,0.3999999999999999
Virginia,LASST510000000000003,2008,47,37.4315734,-78.65689420000001,1.6999999999999997
Virginia,LASST510000000000003,2009,47,37.4315734,-78.65689420000001,1.9000000000000004
Virginia,LASST510000000000003,2010,47,37.4315734,-78.65689420000001,-0.6000000000000005
Virginia,LASST510000000000003,2011,47,37.4315734,-78.65689420000001,-0.2999999999999998
Virginia,LASST510000000000003,2012,47,37.4315734,-78.65689420000001,-0.5
Virginia,LASST510000000000003,2013,47,37.4315734,-78.65689420000001,-0.2999999999999998
Virginia,LASST510000000000003,2014,47,37.4315734,-78.65689420000001,-0.5999999999999996
Virginia,LASST510000000000003,2015,47,37.4315734,-78.65689420000001,-0.8000000000000007
Virginia,LASST510000000000003,2016,47,37.4315734,-78.65689420000001,0.0
Washington,LASST530000000000003,1996,48,47.751074100000004,-120.7401385,-0.9000000000000004
Washington,LASST530000000000003,1997,48,47.751074100000004,-120.7401385,-0.7000000000000002
Washington,LASST530000000000003,1998,48,47.751074100000004,-120.7401385,0.20000000000000018
Washington,LASST530000000000003,1999,48,47.751074100000004,-120.7401385,0.10000000000000053
Washington,LASST530000000000003,2000,48,47.751074100000004,-120.7401385,0.5
Washington,LASST530000000000003,2001,48,47.751074100000004,-120.7401385,1.7000000000000002
Washington,LASST530000000000003,2002,48,47.751074100000004,-120.7401385,-0.10000000000000053
Washington,LASST530000000000003,2003,48,47.751074100000004,-120.7401385,-0.40000000000000036
Washington,LASST530000000000003,2004,48,47.751074100000004,-120.7401385,-1.1000000000000005
Washington,LASST530000000000003,2005,48,47.751074100000004,-120.7401385,-0.5999999999999996
Washington,LASST530000000000003,2006,48,47.751074100000004,-120.7401385,-0.1999999999999993
Washington,LASST530000000000003,2007,48,47.751074100000004,-120.7401385,-0.09999999999999964
Washington,LASST530000000000003,2008,48,47.751074100000004,-120.7401385,2.0
Washington,LASST530000000000003,2009,48,47.751074100000004,-120.7401385,3.3000000000000007
Washington,LASST530000000000003,2010,48,47.751074100000004,-120.7401385,-0.7000000000000011
Washington,LASST530000000000003,2011,48,47.751074100000004,-120.7401385,-0.7999999999999989
Washington,LASST530000000000003,2012,48,47.751074100000004,-120.7401385,-1.1999999999999993
Washington,LASST530000000000003,2013,48,47.751074100000004,-120.7401385,-0.8000000000000007
Washington,LASST530000000000003,2014,48,47.751074100000004,-120.7401385,-0.7000000000000002
Washington,LASST530000000000003,2015,48,47.751074100000004,-120.7401385,-0.2999999999999998
Washington,LASST530000000000003,2016,48,47.751074100000004,-120.7401385,-0.5999999999999996
WestVirginia,LASST540000000000003,1996,49,38.59762620000001,-80.4549026,-0.5999999999999996
WestVirginia,LASST540000000000003,1997,49,38.59762620000001,-80.4549026,-0.5999999999999996
WestVirginia,LASST540000000000003,1998,49,38.59762620000001,-80.4549026,-0.2999999999999998
WestVirginia,LASST540000000000003,1999,49,38.59762620000001,-80.4549026,-0.5
WestVirginia,LASST540000000000003,2000,49,38.59762620000001,-80.4549026,-0.39999999999999947
WestVirginia,LASST540000000000003,2001,49,38.59762620000001,-80.4549026,0.0
WestVirginia,LASST540000000000003,2002,49,38.59762620000001,-80.4549026,0.5999999999999996
WestVirginia,LASST540000000000003,2003,49,38.59762620000001,-80.4549026,-0.39999999999999947
WestVirginia,LASST540000000000003,2004,49,38.59762620000001,-80.4549026,-0.39999999999999947
WestVirginia,LASST540000000000003,2005,49,38.59762620000001,-80.4549026,-0.40000000000000036
WestVirginia,LASST540000000000003,2006,49,38.59762620000001,-80.4549026,0.09999999999999964
WestVirginia,LASST540000000000003,2007,49,38.59762620000001,-80.4549026,0.0
WestVirginia,LASST540000000000003,2008,49,38.59762620000001,-80.4549026,0.7999999999999998
WestVirginia,LASST540000000000003,2009,49,38.59762620000001,-80.4549026,2.7
WestVirginia,LASST540000000000003,2010,49,38.59762620000001,-80.4549026,0.20000000000000107
WestVirginia,LASST540000000000003,2011,49,38.59762620000001,-80.4549026,-1.1999999999999993
WestVirginia,LASST540000000000003,2012,49,38.59762620000001,-80.4549026,0.0
WestVirginia,LASST540000000000003,2013,49,38.59762620000001,-80.4549026,-0.5
WestVirginia,LASST540000000000003,2014,49,38.59762620000001,-80.4549026,-0.40000000000000036
WestVirginia,LASST540000000000003,2015,49,38.59762620000001,-80.4549026,-0.1999999999999993
WestVirginia,LASST540000000000003,2016,49,38.59762620000001,-80.4549026,-0.9000000000000004
