STATES,Series Id,year,Rate Change
Alabama,LASST010000000000003,1996,-0.20000000000000018
Alabama,LASST010000000000003,1997,-0.8999999999999995
Alabama,LASST010000000000003,1998,0.20000000000000018
Alabama,LASST010000000000003,1999,0.2999999999999998
Alabama,LASST010000000000003,2000,-0.10000000000000053
Alabama,LASST010000000000003,2001,1.2999999999999998
Alabama,LASST010000000000003,2002,-0.2999999999999998
Alabama,LASST010000000000003,2003,0.20000000000000018
Alabama,LASST010000000000003,2004,-0.7999999999999998
Alabama,LASST010000000000003,2005,-0.8999999999999995
Alabama,LASST010000000000003,2006,-0.19999999999999973
Alabama,LASST010000000000003,2007,0.3999999999999999
Alabama,LASST010000000000003,2008,3.6999999999999993
Alabama,LASST010000000000003,2009,2.9000000000000004
Alabama,LASST010000000000003,2010,-1.3999999999999986
Alabama,LASST010000000000003,2011,-1.8999999999999986
Alabama,LASST010000000000003,2012,-0.5
Alabama,LASST010000000000003,2013,-0.20000000000000018
Alabama,LASST010000000000003,2014,-1.1000000000000005
Alabama,LASST010000000000003,2015,0.0
Alabama,LASST010000000000003,2016,-0.2999999999999998
Alaska,LASST020000000000003,1996,-0.20000000000000018
Alaska,LASST020000000000003,1997,-0.9000000000000004
Alaska,LASST020000000000003,1998,0.09999999999999964
Alaska,LASST020000000000003,1999,-0.20000000000000018
Alaska,LASST020000000000003,2000,0.10000000000000053
Alaska,LASST020000000000003,2001,0.40000000000000036
Alaska,LASST020000000000003,2002,0.7999999999999998
Alaska,LASST020000000000003,2003,0.09999999999999964
Alaska,LASST020000000000003,2004,-0.5
Alaska,LASST020000000000003,2005,-0.1999999999999993
Alaska,LASST020000000000003,2006,-0.5
Alaska,LASST020000000000003,2007,0.10000000000000053
Alaska,LASST020000000000003,2008,0.5
Alaska,LASST020000000000003,2009,0.9000000000000004
Alaska,LASST020000000000003,2010,-0.20000000000000018
Alaska,LASST020000000000003,2011,-0.39999999999999947
Alaska,LASST020000000000003,2012,-0.40000000000000036
Alaska,LASST020000000000003,2013,0.0
Alaska,LASST020000000000003,2014,-0.5
Alaska,LASST020000000000003,2015,0.20000000000000018
Alaska,LASST020000000000003,2016,0.20000000000000018
Arizona,LASST040000000000003,1996,0.0
Arizona,LASST040000000000003,1997,-0.9000000000000004
Arizona,LASST040000000000003,1998,0.20000000000000018
Arizona,LASST040000000000003,1999,-0.2999999999999998
Arizona,LASST040000000000003,2000,-0.19999999999999973
Arizona,LASST040000000000003,2001,1.7000000000000002
Arizona,LASST040000000000003,2002,0.1999999999999993
Arizona,LASST040000000000003,2003,-0.5999999999999996
Arizona,LASST040000000000003,2004,-0.5
Arizona,LASST040000000000003,2005,-0.2999999999999998
Arizona,LASST040000000000003,2006,-0.6000000000000001
Arizona,LASST040000000000003,2007,0.3999999999999999
Arizona,LASST040000000000003,2008,3.5
Arizona,LASST040000000000003,2009,2.5
Arizona,LASST040000000000003,2010,-1.0
Arizona,LASST040000000000003,2011,-1.0
Arizona,LASST040000000000003,2012,-0.7999999999999989
Arizona,LASST040000000000003,2013,-0.5
Arizona,LASST040000000000003,2014,-0.7999999999999998
Arizona,LASST040000000000003,2015,-0.7000000000000002
Arizona,LASST040000000000003,2016,-0.39999999999999947
Arkansas,LASST050000000000003,1996,0.20000000000000018
Arkansas,LASST050000000000003,1997,-0.09999999999999964
Arkansas,LASST050000000000003,1998,-0.2999999999999998
Arkansas,LASST050000000000003,1999,-0.39999999999999947
Arkansas,LASST050000000000003,2000,0.0
Arkansas,LASST050000000000003,2001,0.9000000000000004
Arkansas,LASST050000000000003,2002,0.0
Arkansas,LASST050000000000003,2003,0.3000000000000007
Arkansas,LASST050000000000003,2004,-0.40000000000000036
Arkansas,LASST050000000000003,2005,-0.40000000000000036
Arkansas,LASST050000000000003,2006,0.20000000000000018
Arkansas,LASST050000000000003,2007,-0.10000000000000053
Arkansas,LASST050000000000003,2008,1.7999999999999998
Arkansas,LASST050000000000003,2009,1.0999999999999996
Arkansas,LASST050000000000003,2010,0.20000000000000107
Arkansas,LASST050000000000003,2011,-0.7000000000000002
Arkansas,LASST050000000000003,2012,-0.20000000000000018
Arkansas,LASST050000000000003,2013,-0.6000000000000005
Arkansas,LASST050000000000003,2014,-1.0
Arkansas,LASST050000000000003,2015,-1.2999999999999998
Arkansas,LASST050000000000003,2016,-0.5
California,LASST060000000000003,1996,-0.7999999999999998
California,LASST060000000000003,1997,-0.7999999999999998
California,LASST060000000000003,1998,-0.2999999999999998
California,LASST060000000000003,1999,-0.5999999999999996
California,LASST060000000000003,2000,-0.2999999999999998
California,LASST060000000000003,2001,1.6000000000000005
California,LASST060000000000003,2002,0.2999999999999998
California,LASST060000000000003,2003,-0.20000000000000018
California,LASST060000000000003,2004,-0.7000000000000002
California,LASST060000000000003,2005,-0.7000000000000002
California,LASST060000000000003,2006,-0.09999999999999964
California,LASST060000000000003,2007,1.0
California,LASST060000000000003,2008,3.1999999999999993
California,LASST060000000000003,2009,2.4000000000000004
California,LASST060000000000003,2010,0.0
California,LASST060000000000003,2011,-0.9000000000000004
California,LASST060000000000003,2012,-1.3000000000000007
California,LASST060000000000003,2013,-1.299999999999999
California,LASST060000000000003,2014,-1.299999999999999
California,LASST060000000000003,2015,-1.0999999999999996
California,LASST060000000000003,2016,-0.40000000000000036
Colorado,LASST080000000000003,1996,-0.30000000000000027
Colorado,LASST080000000000003,1997,-0.2999999999999998
Colorado,LASST080000000000003,1998,-0.30000000000000027
Colorado,LASST080000000000003,1999,-0.30000000000000027
Colorado,LASST080000000000003,2000,-0.09999999999999964
Colorado,LASST080000000000003,2001,2.4000000000000004
Colorado,LASST080000000000003,2002,0.40000000000000036
Colorado,LASST080000000000003,2003,0.0
Colorado,LASST080000000000003,2004,-0.5
Colorado,LASST080000000000003,2005,-0.5999999999999996
Colorado,LASST080000000000003,2006,-0.7999999999999998
Colorado,LASST080000000000003,2007,0.39999999999999947
Colorado,LASST080000000000003,2008,1.8000000000000007
Colorado,LASST080000000000003,2009,2.0999999999999996
Colorado,LASST080000000000003,2010,0.5999999999999996
Colorado,LASST080000000000003,2011,-0.6000000000000014
Colorado,LASST080000000000003,2012,-0.6999999999999993
Colorado,LASST080000000000003,2013,-1.3000000000000007
Colorado,LASST080000000000003,2014,-1.7000000000000002
Colorado,LASST080000000000003,2015,-0.7999999999999998
Colorado,LASST080000000000003,2016,-0.6000000000000001
Connecticut,LASST090000000000003,1996,0.5
Connecticut,LASST090000000000003,1997,-1.6000000000000005
Connecticut,LASST090000000000003,1998,-1.0
Connecticut,LASST090000000000003,1999,-0.10000000000000009
Connecticut,LASST090000000000003,2000,-0.3999999999999999
Connecticut,LASST090000000000003,2001,0.6999999999999997
Connecticut,LASST090000000000003,2002,1.8000000000000003
Connecticut,LASST090000000000003,2003,0.0
Connecticut,LASST090000000000003,2004,-0.40000000000000036
Connecticut,LASST090000000000003,2005,-0.3000000000000007
Connecticut,LASST090000000000003,2006,-0.20000000000000018
Connecticut,LASST090000000000003,2007,0.6000000000000005
Connecticut,LASST090000000000003,2008,1.6999999999999993
Connecticut,LASST090000000000003,2009,1.9000000000000004
Connecticut,LASST090000000000003,2010,0.3000000000000007
Connecticut,LASST090000000000003,2011,-0.8999999999999986
Connecticut,LASST090000000000003,2012,0.0
Connecticut,LASST090000000000003,2013,-0.8999999999999995
Connecticut,LASST090000000000003,2014,-1.0
Connecticut,LASST090000000000003,2015,-0.5999999999999996
Connecticut,LASST090000000000003,2016,-0.7000000000000002
Delaware,LASST100000000000003,1996,0.0
Delaware,LASST100000000000003,1997,-1.1999999999999997
Delaware,LASST100000000000003,1998,-0.40000000000000036
Delaware,LASST100000000000003,1999,0.20000000000000018
Delaware,LASST100000000000003,2000,0.3999999999999999
Delaware,LASST100000000000003,2001,-0.09999999999999964
Delaware,LASST100000000000003,2002,0.19999999999999973
Delaware,LASST100000000000003,2003,-0.30000000000000027
Delaware,LASST100000000000003,2004,0.10000000000000009
Delaware,LASST100000000000003,2005,0.09999999999999964
Delaware,LASST100000000000003,2006,-0.6000000000000001
Delaware,LASST100000000000003,2007,0.30000000000000027
Delaware,LASST100000000000003,2008,3.0
Delaware,LASST100000000000003,2009,1.4999999999999991
Delaware,LASST100000000000003,2010,-0.8000000000000007
Delaware,LASST100000000000003,2011,-0.7000000000000002
Delaware,LASST100000000000003,2012,0.10000000000000053
Delaware,LASST100000000000003,2013,-1.0
Delaware,LASST100000000000003,2014,-0.8999999999999995
Delaware,LASST100000000000003,2015,-0.39999999999999947
Delaware,LASST100000000000003,2016,0.0
DistrictofColumbia,LASST110000000000003,1996,-0.7999999999999998
DistrictofColumbia,LASST110000000000003,1997,0.9999999999999991
DistrictofColumbia,LASST110000000000003,1998,-1.3000000000000007
DistrictofColumbia,LASST110000000000003,1999,-1.5
DistrictofColumbia,LASST110000000000003,2000,0.40000000000000036
DistrictofColumbia,LASST110000000000003,2001,0.5
DistrictofColumbia,LASST110000000000003,2002,-0.09999999999999964
DistrictofColumbia,LASST110000000000003,2003,0.3000000000000007
DistrictofColumbia,LASST110000000000003,2004,0.7999999999999998
DistrictofColumbia,LASST110000000000003,2005,-1.8999999999999995
DistrictofColumbia,LASST110000000000003,2006,-0.10000000000000053
DistrictofColumbia,LASST110000000000003,2007,0.0
DistrictofColumbia,LASST110000000000003,2008,2.0
DistrictofColumbia,LASST110000000000003,2009,1.9000000000000004
DistrictofColumbia,LASST110000000000003,2010,-0.3000000000000007
DistrictofColumbia,LASST110000000000003,2011,0.3000000000000007
DistrictofColumbia,LASST110000000000003,2012,-1.1000000000000014
DistrictofColumbia,LASST110000000000003,2013,-0.5999999999999996
DistrictofColumbia,LASST110000000000003,2014,-0.5
DistrictofColumbia,LASST110000000000003,2015,-0.9000000000000004
DistrictofColumbia,LASST110000000000003,2016,-0.40000000000000036
Florida,LASST120000000000003,1996,-0.3000000000000007
Florida,LASST120000000000003,1997,-0.5
Florida,LASST120000000000003,1998,-0.40000000000000036
Florida,LASST120000000000003,1999,-0.2999999999999998
Florida,LASST120000000000003,2000,0.0
Florida,LASST120000000000003,2001,2.2
Florida,LASST120000000000003,2002,-0.5999999999999996
Florida,LASST120000000000003,2003,-0.6000000000000005
Florida,LASST120000000000003,2004,-0.39999999999999947
Florida,LASST120000000000003,2005,-1.0
Florida,LASST120000000000003,2006,0.19999999999999973
Florida,LASST120000000000003,2007,1.3000000000000003
Florida,LASST120000000000003,2008,3.500000000000001
Florida,LASST120000000000003,2009,2.3999999999999986
Florida,LASST120000000000003,2010,-0.5
Florida,LASST120000000000003,2011,-1.5999999999999996
Florida,LASST120000000000003,2012,-0.9000000000000004
Florida,LASST120000000000003,2013,-1.2000000000000002
Florida,LASST120000000000003,2014,-0.6999999999999993
Florida,LASST120000000000003,2015,-0.7000000000000002
Florida,LASST120000000000003,2016,-0.2999999999999998
Georgia,LASST130000000000003,1996,0.40000000000000036
Georgia,LASST130000000000003,1997,-0.7000000000000002
Georgia,LASST130000000000003,1998,-0.3000000000000007
Georgia,LASST130000000000003,1999,-0.39999999999999947
Georgia,LASST130000000000003,2000,-0.30000000000000027
Georgia,LASST130000000000003,2001,1.4000000000000004
Georgia,LASST130000000000003,2002,0.0
Georgia,LASST130000000000003,2003,-0.7000000000000002
Georgia,LASST130000000000003,2004,0.9000000000000004
Georgia,LASST130000000000003,2005,-0.20000000000000018
Georgia,LASST130000000000003,2006,-0.5999999999999996
Georgia,LASST130000000000003,2007,0.7000000000000002
Georgia,LASST130000000000003,2008,3.0999999999999996
Georgia,LASST130000000000003,2009,1.8000000000000007
Georgia,LASST130000000000003,2010,0.09999999999999964
Georgia,LASST130000000000003,2011,-0.6999999999999993
Georgia,LASST130000000000003,2012,-1.0
Georgia,LASST130000000000003,2013,-1.0999999999999996
Georgia,LASST130000000000003,2014,-1.0
Georgia,LASST130000000000003,2015,-0.8000000000000007
Georgia,LASST130000000000003,2016,-0.20000000000000018
Hawaii,LASST150000000000003,1996,0.09999999999999964
Hawaii,LASST150000000000003,1997,-0.2999999999999998
Hawaii,LASST150000000000003,1998,0.0
Hawaii,LASST150000000000003,1999,-1.1000000000000005
Hawaii,LASST150000000000003,2000,-0.7000000000000002
Hawaii,LASST150000000000003,2001,1.2000000000000002
Hawaii,LASST150000000000003,2002,-1.3999999999999995
Hawaii,LASST150000000000003,2003,0.20000000000000018
Hawaii,LASST150000000000003,2004,-0.6999999999999997
Hawaii,LASST150000000000003,2005,-0.3999999999999999
Hawaii,LASST150000000000003,2006,-0.30000000000000027
Hawaii,LASST150000000000003,2007,0.6000000000000001
Hawaii,LASST150000000000003,2008,2.8
Hawaii,LASST150000000000003,2009,0.7999999999999998
Hawaii,LASST150000000000003,2010,-0.2999999999999998
Hawaii,LASST150000000000003,2011,0.0
Hawaii,LASST150000000000003,2012,-1.5
Hawaii,LASST150000000000003,2013,-0.2999999999999998
Hawaii,LASST150000000000003,2014,-0.7000000000000002
Hawaii,LASST150000000000003,2015,-0.8999999999999999
Hawaii,LASST150000000000003,2016,-0.30000000000000027
Idaho,LASST160000000000003,1996,-0.2999999999999998
Idaho,LASST160000000000003,1997,-0.10000000000000053
Idaho,LASST160000000000003,1998,-0.20000000000000018
Idaho,LASST160000000000003,1999,-0.40000000000000036
Idaho,LASST160000000000003,2000,0.20000000000000018
Idaho,LASST160000000000003,2001,0.7999999999999998
Idaho,LASST160000000000003,2002,-0.09999999999999964
Idaho,LASST160000000000003,2003,-0.20000000000000018
Idaho,LASST160000000000003,2004,-0.7999999999999998
Idaho,LASST160000000000003,2005,-0.5
Idaho,LASST160000000000003,2006,-0.5999999999999996
Idaho,LASST160000000000003,2007,0.0
Idaho,LASST160000000000003,2008,3.9000000000000004
Idaho,LASST160000000000003,2009,1.9999999999999991
Idaho,LASST160000000000003,2010,-0.3999999999999986
Idaho,LASST160000000000003,2011,-0.8999999999999995
Idaho,LASST160000000000003,2012,-1.1000000000000005
Idaho,LASST160000000000003,2013,-1.2999999999999998
Idaho,LASST160000000000003,2014,-0.7999999999999998
Idaho,LASST160000000000003,2015,-0.20000000000000018
Idaho,LASST160000000000003,2016,-0.5
Illinois,LASST170000000000003,1996,-0.20000000000000018
Illinois,LASST170000000000003,1997,-0.39999999999999947
Illinois,LASST170000000000003,1998,-0.40000000000000036
Illinois,LASST170000000000003,1999,0.09999999999999964
Illinois,LASST170000000000003,2000,0.39999999999999947
Illinois,LASST170000000000003,2001,1.4000000000000004
Illinois,LASST170000000000003,2002,0.2999999999999998
Illinois,LASST170000000000003,2003,-0.09999999999999964
Illinois,LASST170000000000003,2004,-0.40000000000000036
Illinois,LASST170000000000003,2005,-0.7000000000000002
Illinois,LASST170000000000003,2006,-0.6999999999999993
Illinois,LASST170000000000003,2007,0.9000000000000004
Illinois,LASST170000000000003,2008,2.3999999999999995
Illinois,LASST170000000000003,2009,3.0
Illinois,LASST170000000000003,2010,-1.8000000000000007
Illinois,LASST170000000000003,2011,0.0
Illinois,LASST170000000000003,2012,0.0
Illinois,LASST170000000000003,2013,-0.6999999999999993
Illinois,LASST170000000000003,2014,-2.200000000000001
Illinois,LASST170000000000003,2015,0.0
Illinois,LASST170000000000003,2016,-0.6999999999999993
Indiana,LASST180000000000003,1996,-1.0
Indiana,LASST180000000000003,1997,0.0
Indiana,LASST180000000000003,1998,-0.19999999999999973
Indiana,LASST180000000000003,1999,0.20000000000000018
Indiana,LASST180000000000003,2000,-0.10000000000000009
Indiana,LASST180000000000003,2001,2.0
Indiana,LASST180000000000003,2002,-0.40000000000000036
Indiana,LASST180000000000003,2003,0.20000000000000018
Indiana,LASST180000000000003,2004,0.39999999999999947
Indiana,LASST180000000000003,2005,-0.40000000000000036
Indiana,LASST180000000000003,2006,-0.40000000000000036
Indiana,LASST180000000000003,2007,0.0
Indiana,LASST180000000000003,2008,3.499999999999999
Indiana,LASST180000000000003,2009,1.9000000000000004
Indiana,LASST180000000000003,2010,-1.5999999999999996
Indiana,LASST180000000000003,2011,-0.3999999999999986
Indiana,LASST180000000000003,2012,-0.1999999999999993
Indiana,LASST180000000000003,2013,-2.0
Indiana,LASST180000000000003,2014,-0.9000000000000004
Indiana,LASST180000000000003,2015,-0.8000000000000007
Indiana,LASST180000000000003,2016,-0.7000000000000002
Iowa,LASST190000000000003,1996,0.0
Iowa,LASST190000000000003,1997,-0.5
Iowa,LASST190000000000003,1998,-0.09999999999999964
Iowa,LASST190000000000003,1999,-0.30000000000000027
Iowa,LASST190000000000003,2000,0.6000000000000001
Iowa,LASST190000000000003,2001,0.7999999999999998
Iowa,LASST190000000000003,2002,0.30000000000000027
Iowa,LASST190000000000003,2003,0.20000000000000018
Iowa,LASST190000000000003,2004,0.09999999999999964
Iowa,LASST190000000000003,2005,-0.5
Iowa,LASST190000000000003,2006,-0.19999999999999973
Iowa,LASST190000000000003,2007,0.0
Iowa,LASST190000000000003,2008,1.5999999999999996
Iowa,LASST190000000000003,2009,0.7000000000000002
Iowa,LASST190000000000003,2010,-0.6000000000000005
Iowa,LASST190000000000003,2011,-0.40000000000000036
Iowa,LASST190000000000003,2012,-0.2999999999999998
Iowa,LASST190000000000003,2013,-0.40000000000000036
Iowa,LASST190000000000003,2014,-0.40000000000000036
Iowa,LASST190000000000003,2015,-0.19999999999999973
Iowa,LASST190000000000003,2016,-0.20000000000000018
Kansas,LASST200000000000003,1996,0.10000000000000053
Kansas,LASST200000000000003,1997,-0.5999999999999996
Kansas,LASST200000000000003,1998,-0.10000000000000009
Kansas,LASST200000000000003,1999,0.0
Kansas,LASST200000000000003,2000,0.5
Kansas,LASST200000000000003,2001,0.8999999999999999
Kansas,LASST200000000000003,2002,0.1999999999999993
Kansas,LASST200000000000003,2003,0.5
Kansas,LASST200000000000003,2004,-0.2999999999999998
Kansas,LASST200000000000003,2005,-0.5999999999999996
Kansas,LASST200000000000003,2006,-0.2999999999999998
Kansas,LASST200000000000003,2007,0.0
Kansas,LASST200000000000003,2008,1.2000000000000002
Kansas,LASST200000000000003,2009,1.4000000000000004
Kansas,LASST200000000000003,2010,-0.20000000000000018
Kansas,LASST200000000000003,2011,-0.8000000000000007
Kansas,LASST200000000000003,2012,-0.40000000000000036
Kansas,LASST200000000000003,2013,-0.6999999999999993
Kansas,LASST200000000000003,2014,-0.5
Kansas,LASST200000000000003,2015,-0.2999999999999998
Kansas,LASST200000000000003,2016,0.10000000000000009
Kentucky,LASST210000000000003,1996,0.5999999999999996
Kentucky,LASST210000000000003,1997,-1.4000000000000004
Kentucky,LASST210000000000003,1998,0.09999999999999964
Kentucky,LASST210000000000003,1999,-0.39999999999999947
Kentucky,LASST210000000000003,2000,0.20000000000000018
Kentucky,LASST210000000000003,2001,1.4000000000000004
Kentucky,LASST210000000000003,2002,0.0
Kentucky,LASST210000000000003,2003,-0.20000000000000018
Kentucky,LASST210000000000003,2004,-0.40000000000000036
Kentucky,LASST210000000000003,2005,0.5999999999999996
Kentucky,LASST210000000000003,2006,-0.40000000000000036
Kentucky,LASST210000000000003,2007,-0.09999999999999964
Kentucky,LASST210000000000003,2008,3.0
Kentucky,LASST210000000000003,2009,1.5999999999999996
Kentucky,LASST210000000000003,2010,-0.5999999999999996
Kentucky,LASST210000000000003,2011,-1.200000000000001
Kentucky,LASST210000000000003,2012,-0.3000000000000007
Kentucky,LASST210000000000003,2013,-0.39999999999999947
Kentucky,LASST210000000000003,2014,-2.0
Kentucky,LASST210000000000003,2015,-0.10000000000000053
Kentucky,LASST210000000000003,2016,-0.09999999999999964
Louisiana,LASST220000000000003,1996,-0.5
Louisiana,LASST220000000000003,1997,-0.7999999999999998
Louisiana,LASST220000000000003,1998,-0.09999999999999964
Louisiana,LASST220000000000003,1999,-0.10000000000000053
Louisiana,LASST220000000000003,2000,0.6000000000000005
Louisiana,LASST220000000000003,2001,0.40000000000000036
Louisiana,LASST220000000000003,2002,0.09999999999999964
Louisiana,LASST220000000000003,2003,-0.5
Louisiana,LASST220000000000003,2004,-0.10000000000000053
Louisiana,LASST220000000000003,2005,0.6000000000000005
Louisiana,LASST220000000000003,2006,-0.6000000000000005
Louisiana,LASST220000000000003,2007,-0.09999999999999964
Louisiana,LASST220000000000003,2008,1.7000000000000002
Louisiana,LASST220000000000003,2009,1.2000000000000002
Louisiana,LASST220000000000003,2010,0.9000000000000004
Louisiana,LASST220000000000003,2011,-0.8000000000000007
Louisiana,LASST220000000000003,2012,-0.5999999999999996
Louisiana,LASST220000000000003,2013,-1.2000000000000002
Louisiana,LASST220000000000003,2014,1.2000000000000002
Louisiana,LASST220000000000003,2015,-0.8000000000000007
Louisiana,LASST220000000000003,2016,-0.1999999999999993
Maine,LASST230000000000003,1996,-0.5
Maine,LASST230000000000003,1997,-0.09999999999999964
Maine,LASST230000000000003,1998,-0.7000000000000002
Maine,LASST230000000000003,1999,-0.39999999999999947
Maine,LASST230000000000003,2000,-0.30000000000000027
Maine,LASST230000000000003,2001,0.7999999999999998
Maine,LASST230000000000003,2002,0.6000000000000005
Maine,LASST230000000000003,2003,0.10000000000000053
Maine,LASST230000000000003,2004,0.0
Maine,LASST230000000000003,2005,-0.3000000000000007
Maine,LASST230000000000003,2006,0.0
Maine,LASST230000000000003,2007,0.2999999999999998
Maine,LASST230000000000003,2008,2.2
Maine,LASST230000000000003,2009,0.7999999999999989
Maine,LASST230000000000003,2010,-0.09999999999999964
Maine,LASST230000000000003,2011,-0.39999999999999947
Maine,LASST230000000000003,2012,-0.5
Maine,LASST230000000000003,2013,-0.8999999999999995
Maine,LASST230000000000003,2014,-1.0
Maine,LASST230000000000003,2015,-1.0
Maine,LASST230000000000003,2016,-0.2999999999999998
Maryland,LASST240000000000003,1996,-0.20000000000000018
Maryland,LASST240000000000003,1997,-0.09999999999999964
Maryland,LASST240000000000003,1998,-0.8999999999999999
Maryland,LASST240000000000003,1999,-0.5
Maryland,LASST240000000000003,2000,0.20000000000000018
Maryland,LASST240000000000003,2001,0.9999999999999996
Maryland,LASST240000000000003,2002,-0.1999999999999993
Maryland,LASST240000000000003,2003,-0.10000000000000053
Maryland,LASST240000000000003,2004,0.0
Maryland,LASST240000000000003,2005,-0.5
Maryland,LASST240000000000003,2006,-0.09999999999999964
Maryland,LASST240000000000003,2007,-0.40000000000000036
Maryland,LASST240000000000003,2008,2.4000000000000004
Maryland,LASST240000000000003,2009,1.6000000000000005
Maryland,LASST240000000000003,2010,-0.2999999999999998
Maryland,LASST240000000000003,2011,-0.40000000000000036
Maryland,LASST240000000000003,2012,-0.09999999999999964
Maryland,LASST240000000000003,2013,-0.7000000000000002
Maryland,LASST240000000000003,2014,-0.5999999999999996
Maryland,LASST240000000000003,2015,-0.7000000000000002
Maryland,LASST240000000000003,2016,-0.1999999999999993
Massachusetts,LASST250000000000003,1996,-0.7000000000000002
Massachusetts,LASST250000000000003,1997,-0.6000000000000001
Massachusetts,LASST250000000000003,1998,-0.2999999999999998
Massachusetts,LASST250000000000003,1999,-0.20000000000000018
Massachusetts,LASST250000000000003,2000,-0.20000000000000018
Massachusetts,LASST250000000000003,2001,1.5999999999999996
Massachusetts,LASST250000000000003,2002,0.8999999999999995
Massachusetts,LASST250000000000003,2003,0.0
Massachusetts,LASST250000000000003,2004,-0.5999999999999996
Massachusetts,LASST250000000000003,2005,0.0
Massachusetts,LASST250000000000003,2006,-0.10000000000000053
Massachusetts,LASST250000000000003,2007,-0.20000000000000018
Massachusetts,LASST250000000000003,2008,2.2
Massachusetts,LASST250000000000003,2009,1.700000000000001
Massachusetts,LASST250000000000003,2010,-1.0000000000000009
Massachusetts,LASST250000000000003,2011,-1.0
Massachusetts,LASST250000000000003,2012,0.09999999999999964
Massachusetts,LASST250000000000003,2013,-0.5
Massachusetts,LASST250000000000003,2014,-1.0
Massachusetts,LASST250000000000003,2015,-0.6999999999999993
Massachusetts,LASST250000000000003,2016,-0.5
Michigan,LASST260000000000003,1996,-0.20000000000000018
Michigan,LASST260000000000003,1997,-0.6000000000000005
Michigan,LASST260000000000003,1998,-0.10000000000000009
Michigan,LASST260000000000003,1999,-0.5
Michigan,LASST260000000000003,2000,0.9000000000000004
Michigan,LASST260000000000003,2001,1.8999999999999995
Michigan,LASST260000000000003,2002,0.0
Michigan,LASST260000000000003,2003,0.3000000000000007
Michigan,LASST260000000000003,2004,0.40000000000000036
Michigan,LASST260000000000003,2005,-0.40000000000000036
Michigan,LASST260000000000003,2006,0.20000000000000018
Michigan,LASST260000000000003,2007,0.2999999999999998
Michigan,LASST260000000000003,2008,2.700000000000001
Michigan,LASST260000000000003,2009,3.0
Michigan,LASST260000000000003,2010,-2.5999999999999996
Michigan,LASST260000000000003,2011,-1.5999999999999996
Michigan,LASST260000000000003,2012,-0.09999999999999964
Michigan,LASST260000000000003,2013,-0.7999999999999989
Michigan,LASST260000000000003,2014,-1.8999999999999995
Michigan,LASST260000000000003,2015,-1.0999999999999996
Michigan,LASST260000000000003,2016,0.09999999999999964
Minnesota,LASST270000000000003,1996,-0.19999999999999973
Minnesota,LASST270000000000003,1997,-0.7000000000000002
Minnesota,LASST270000000000003,1998,-0.19999999999999973
Minnesota,LASST270000000000003,1999,0.3999999999999999
Minnesota,LASST270000000000003,2000,0.3999999999999999
Minnesota,LASST270000000000003,2001,1.0000000000000004
Minnesota,LASST270000000000003,2002,-0.09999999999999964
Minnesota,LASST270000000000003,2003,0.40000000000000036
Minnesota,LASST270000000000003,2004,-0.6000000000000005
Minnesota,LASST270000000000003,2005,-0.20000000000000018
Minnesota,LASST270000000000003,2006,0.20000000000000018
Minnesota,LASST270000000000003,2007,0.40000000000000036
Minnesota,LASST270000000000003,2008,2.0
Minnesota,LASST270000000000003,2009,0.7000000000000002
Minnesota,LASST270000000000003,2010,-0.6000000000000005
Minnesota,LASST270000000000003,2011,-1.0
Minnesota,LASST270000000000003,2012,-0.39999999999999947
Minnesota,LASST270000000000003,2013,-0.5999999999999996
Minnesota,LASST270000000000003,2014,-0.7999999999999998
Minnesota,LASST270000000000003,2015,-0.09999999999999964
Minnesota,LASST270000000000003,2016,0.19999999999999973
Mississippi,LASST280000000000003,1996,-0.39999999999999947
Mississippi,LASST280000000000003,1997,-0.40000000000000036
Mississippi,LASST280000000000003,1998,-0.3000000000000007
Mississippi,LASST280000000000003,1999,0.40000000000000036
Mississippi,LASST280000000000003,2000,-0.40000000000000036
Mississippi,LASST280000000000003,2001,1.5999999999999996
Mississippi,LASST280000000000003,2002,-0.20000000000000018
Mississippi,LASST280000000000003,2003,-0.9000000000000004
Mississippi,LASST280000000000003,2004,1.1000000000000005
Mississippi,LASST280000000000003,2005,1.2999999999999998
Mississippi,LASST280000000000003,2006,-1.1000000000000005
Mississippi,LASST280000000000003,2007,-0.5
Mississippi,LASST280000000000003,2008,1.7999999999999998
Mississippi,LASST280000000000003,2009,2.6999999999999993
Mississippi,LASST280000000000003,2010,-0.7000000000000011
Mississippi,LASST280000000000003,2011,-0.6999999999999993
Mississippi,LASST280000000000003,2012,-0.29999999999999893
Mississippi,LASST280000000000003,2013,-0.8000000000000007
Mississippi,LASST280000000000003,2014,-1.2000000000000002
Mississippi,LASST280000000000003,2015,-0.5
Mississippi,LASST280000000000003,2016,-0.5999999999999996
Missouri,LASST290000000000003,1996,0.2999999999999998
Missouri,LASST290000000000003,1997,-0.2999999999999998
Missouri,LASST290000000000003,1998,-1.0000000000000004
Missouri,LASST290000000000003,1999,-0.19999999999999973
Missouri,LASST290000000000003,2000,1.1999999999999997
Missouri,LASST290000000000003,2001,0.7999999999999998
Missouri,LASST290000000000003,2002,0.0
Missouri,LASST290000000000003,2003,0.20000000000000018
Missouri,LASST290000000000003,2004,0.5
Missouri,LASST290000000000003,2005,-0.9000000000000004
Missouri,LASST290000000000003,2006,-0.09999999999999964
Missouri,LASST290000000000003,2007,0.6000000000000005
Missouri,LASST290000000000003,2008,2.4000000000000004
Missouri,LASST290000000000003,2009,1.5999999999999996
Missouri,LASST290000000000003,2010,-0.40000000000000036
Missouri,LASST290000000000003,2011,-1.700000000000001
Missouri,LASST290000000000003,2012,-0.5
Missouri,LASST290000000000003,2013,-0.3000000000000007
Missouri,LASST290000000000003,2014,-1.1000000000000005
Missouri,LASST290000000000003,2015,-1.0999999999999996
Missouri,LASST290000000000003,2016,-0.10000000000000053
Montana,LASST300000000000003,1996,-0.5
Montana,LASST300000000000003,1997,0.40000000000000036
Montana,LASST300000000000003,1998,0.09999999999999964
Montana,LASST300000000000003,1999,-0.40000000000000036
Montana,LASST300000000000003,2000,-0.39999999999999947
Montana,LASST300000000000003,2001,-0.20000000000000018
Montana,LASST300000000000003,2002,-0.09999999999999964
Montana,LASST300000000000003,2003,0.40000000000000036
Montana,LASST300000000000003,2004,-0.3000000000000007
Montana,LASST300000000000003,2005,-0.6999999999999997
Montana,LASST300000000000003,2006,-0.8999999999999999
Montana,LASST300000000000003,2007,1.2000000000000002
Montana,LASST300000000000003,2008,2.0
Montana,LASST300000000000003,2009,0.7000000000000002
Montana,LASST300000000000003,2010,0.0
Montana,LASST300000000000003,2011,-0.8999999999999995
Montana,LASST300000000000003,2012,-0.7000000000000002
Montana,LASST300000000000003,2013,-0.5
Montana,LASST300000000000003,2014,-0.7000000000000002
Montana,LASST300000000000003,2015,-0.09999999999999964
Montana,LASST300000000000003,2016,-0.20000000000000018
Nebraska,LASST310000000000003,1996,-0.19999999999999973
Nebraska,LASST310000000000003,1997,-0.20000000000000018
Nebraska,LASST310000000000003,1998,0.30000000000000027
Nebraska,LASST310000000000003,1999,0.09999999999999964
Nebraska,LASST310000000000003,2000,0.10000000000000009
Nebraska,LASST310000000000003,2001,0.6000000000000001
Nebraska,LASST310000000000003,2002,0.10000000000000009
Nebraska,LASST310000000000003,2003,0.10000000000000009
Nebraska,LASST310000000000003,2004,0.0
Nebraska,LASST310000000000003,2005,-0.5
Nebraska,LASST310000000000003,2006,-0.3999999999999999
Nebraska,LASST310000000000003,2007,0.10000000000000009
Nebraska,LASST310000000000003,2008,0.8999999999999999
Nebraska,LASST310000000000003,2009,0.7000000000000002
Nebraska,LASST310000000000003,2010,-0.40000000000000036
Nebraska,LASST310000000000003,2011,-0.2999999999999998
Nebraska,LASST310000000000003,2012,-0.09999999999999964
Nebraska,LASST310000000000003,2013,-0.2999999999999998
Nebraska,LASST310000000000003,2014,-0.5
Nebraska,LASST310000000000003,2015,0.10000000000000009
Nebraska,LASST310000000000003,2016,0.10000000000000009
Nevada,LASST320000000000003,1996,-0.5999999999999996
Nevada,LASST320000000000003,1997,-0.1999999999999993
Nevada,LASST320000000000003,1998,-0.7000000000000002
Nevada,LASST320000000000003,1999,0.10000000000000009
Nevada,LASST320000000000003,2000,0.6999999999999997
Nevada,LASST320000000000003,2001,1.5
Nevada,LASST320000000000003,2002,-0.7999999999999998
Nevada,LASST320000000000003,2003,-0.5
Nevada,LASST320000000000003,2004,-0.5
Nevada,LASST320000000000003,2005,-0.19999999999999973
Nevada,LASST320000000000003,2006,0.19999999999999973
Nevada,LASST320000000000003,2007,0.9000000000000004
Nevada,LASST320000000000003,2008,3.8
Nevada,LASST320000000000003,2009,3.1999999999999993
Nevada,LASST320000000000003,2010,0.5999999999999996
Nevada,LASST320000000000003,2011,-1.1999999999999993
Nevada,LASST320000000000003,2012,-1.5
Nevada,LASST320000000000003,2013,-1.5999999999999996
Nevada,LASST320000000000003,2014,-1.2999999999999998
Nevada,LASST320000000000003,2015,-0.9000000000000004
Nevada,LASST320000000000003,2016,-0.9000000000000004
NewHampshire,LASST330000000000003,1996,-0.19999999999999973
NewHampshire,LASST330000000000003,1997,-0.6000000000000001
NewHampshire,LASST330000000000003,1998,0.0
NewHampshire,LASST330000000000003,1999,-0.09999999999999964
NewHampshire,LASST330000000000003,2000,0.0
NewHampshire,LASST330000000000003,2001,1.5
NewHampshire,LASST330000000000003,2002,0.20000000000000018
NewHampshire,LASST330000000000003,2003,-0.20000000000000018
NewHampshire,LASST330000000000003,2004,-0.49999999999999956
NewHampshire,LASST330000000000003,2005,-0.20000000000000018
NewHampshire,LASST330000000000003,2006,0.20000000000000018
NewHampshire,LASST330000000000003,2007,-0.10000000000000009
NewHampshire,LASST330000000000003,2008,1.2999999999999998
NewHampshire,LASST330000000000003,2009,1.0999999999999996
NewHampshire,LASST330000000000003,2010,-0.7999999999999998
NewHampshire,LASST330000000000003,2011,0.0
NewHampshire,LASST330000000000003,2012,0.09999999999999964
NewHampshire,LASST330000000000003,2013,-0.7000000000000002
NewHampshire,LASST330000000000003,2014,-0.8000000000000003
NewHampshire,LASST330000000000003,2015,-0.7999999999999998
NewHampshire,LASST330000000000003,2016,-0.10000000000000009
NewJersey,LASST340000000000003,1996,-0.5
NewJersey,LASST340000000000003,1997,-0.7999999999999998
NewJersey,LASST340000000000003,1998,-0.7000000000000002
NewJersey,LASST340000000000003,1999,-0.5000000000000004
NewJersey,LASST340000000000003,2000,-0.09999999999999964
NewJersey,LASST340000000000003,2001,1.5999999999999996
NewJersey,LASST340000000000003,2002,0.40000000000000036
NewJersey,LASST340000000000003,2003,-0.5
NewJersey,LASST340000000000003,2004,-0.8999999999999995
NewJersey,LASST340000000000003,2005,0.5
NewJersey,LASST340000000000003,2006,-0.6000000000000005
NewJersey,LASST340000000000003,2007,0.2999999999999998
NewJersey,LASST340000000000003,2008,2.3000000000000007
NewJersey,LASST340000000000003,2009,2.4000000000000004
NewJersey,LASST340000000000003,2010,-0.3000000000000007
NewJersey,LASST340000000000003,2011,-0.20000000000000107
NewJersey,LASST340000000000003,2012,0.0
NewJersey,LASST340000000000003,2013,-1.7000000000000002
NewJersey,LASST340000000000003,2014,-0.7000000000000002
NewJersey,LASST340000000000003,2015,-1.5
NewJersey,LASST340000000000003,2016,-0.2999999999999998
NewMexico,LASST350000000000003,1996,-0.20000000000000018
NewMexico,LASST350000000000003,1997,-0.9000000000000004
NewMexico,LASST350000000000003,1998,-0.1999999999999993
NewMexico,LASST350000000000003,1999,-0.8000000000000007
NewMexico,LASST350000000000003,2000,-0.1999999999999993
NewMexico,LASST350000000000003,2001,0.2999999999999998
NewMexico,LASST350000000000003,2002,0.2999999999999998
NewMexico,LASST350000000000003,2003,0.3000000000000007
NewMexico,LASST350000000000003,2004,-0.39999999999999947
NewMexico,LASST350000000000003,2005,-0.9000000000000004
NewMexico,LASST350000000000003,2006,-0.5000000000000004
NewMexico,LASST350000000000003,2007,0.0
NewMexico,LASST350000000000003,2008,1.9
NewMexico,LASST350000000000003,2009,1.7000000000000002
NewMexico,LASST350000000000003,2010,-0.20000000000000018
NewMexico,LASST350000000000003,2011,-0.10000000000000053
NewMexico,LASST350000000000003,2012,-0.5
NewMexico,LASST350000000000003,2013,-0.09999999999999964
NewMexico,LASST350000000000003,2014,-0.5
NewMexico,LASST350000000000003,2015,0.09999999999999964
NewMexico,LASST350000000000003,2016,-0.09999999999999964
NewYork,LASST360000000000003,1996,0.10000000000000053
NewYork,LASST360000000000003,1997,-0.40000000000000036
NewYork,LASST360000000000003,1998,-0.5999999999999996
NewYork,LASST360000000000003,1999,-0.5
NewYork,LASST360000000000003,2000,-0.5
NewYork,LASST360000000000003,2001,1.7999999999999998
NewYork,LASST360000000000003,2002,0.10000000000000053
NewYork,LASST360000000000003,2003,0.10000000000000053
NewYork,LASST360000000000003,2004,-1.2000000000000002
NewYork,LASST360000000000003,2005,-0.1999999999999993
NewYork,LASST360000000000003,2006,-0.5999999999999996
NewYork,LASST360000000000003,2007,0.5999999999999996
NewYork,LASST360000000000003,2008,1.9000000000000004
NewYork,LASST360000000000003,2009,1.8000000000000007
NewYork,LASST360000000000003,2010,-0.5
NewYork,LASST360000000000003,2011,0.29999999999999893
NewYork,LASST360000000000003,2012,-0.40000000000000036
NewYork,LASST360000000000003,2013,-1.0
NewYork,LASST360000000000003,2014,-1.2000000000000002
NewYork,LASST360000000000003,2015,-0.7999999999999998
NewYork,LASST360000000000003,2016,-0.10000000000000053
NorthCarolina,LASST370000000000003,1996,-0.5999999999999996
NorthCarolina,LASST370000000000003,1997,-0.19999999999999973
NorthCarolina,LASST370000000000003,1998,-0.5
NorthCarolina,LASST370000000000003,1999,0.19999999999999973
NorthCarolina,LASST370000000000003,2000,0.9000000000000004
NorthCarolina,LASST370000000000003,2001,2.3
NorthCarolina,LASST370000000000003,2002,-0.2999999999999998
NorthCarolina,LASST370000000000003,2003,-0.40000000000000036
NorthCarolina,LASST370000000000003,2004,-0.5
NorthCarolina,LASST370000000000003,2005,-0.6000000000000005
NorthCarolina,LASST370000000000003,2006,0.0
NorthCarolina,LASST370000000000003,2007,0.20000000000000018
NorthCarolina,LASST370000000000003,2008,4.199999999999999
NorthCarolina,LASST370000000000003,2009,1.5999999999999996
NorthCarolina,LASST370000000000003,2010,-1.0
NorthCarolina,LASST370000000000003,2011,-0.5999999999999996
NorthCarolina,LASST370000000000003,2012,-0.5999999999999996
NorthCarolina,LASST370000000000003,2013,-1.9000000000000004
NorthCarolina,LASST370000000000003,2014,-1.0
NorthCarolina,LASST370000000000003,2015,-0.40000000000000036
NorthCarolina,LASST370000000000003,2016,-0.2999999999999998
NorthDakota,LASST380000000000003,1996,-0.30000000000000027
NorthDakota,LASST380000000000003,1997,-0.2999999999999998
NorthDakota,LASST380000000000003,1998,0.7999999999999998
NorthDakota,LASST380000000000003,1999,-0.2999999999999998
NorthDakota,LASST380000000000003,2000,-0.20000000000000018
NorthDakota,LASST380000000000003,2001,0.5
NorthDakota,LASST380000000000003,2002,0.2999999999999998
NorthDakota,LASST380000000000003,2003,-0.2999999999999998
NorthDakota,LASST380000000000003,2004,-0.10000000000000009
NorthDakota,LASST380000000000003,2005,-0.10000000000000009
NorthDakota,LASST380000000000003,2006,0.0
NorthDakota,LASST380000000000003,2007,-0.20000000000000018
NorthDakota,LASST380000000000003,2008,0.7000000000000002
NorthDakota,LASST380000000000003,2009,0.10000000000000009
NorthDakota,LASST380000000000003,2010,-0.3999999999999999
NorthDakota,LASST380000000000003,2011,-0.20000000000000018
NorthDakota,LASST380000000000003,2012,-0.10000000000000009
NorthDakota,LASST380000000000003,2013,-0.30000000000000027
NorthDakota,LASST380000000000003,2014,-0.10000000000000009
NorthDakota,LASST380000000000003,2015,0.3999999999999999
NorthDakota,LASST380000000000003,2016,-0.20000000000000018
Ohio,LASST390000000000003,1996,0.0
Ohio,LASST390000000000003,1997,-0.5999999999999996
Ohio,LASST390000000000003,1998,-0.10000000000000053
Ohio,LASST390000000000003,1999,0.0
Ohio,LASST390000000000003,2000,-0.2999999999999998
Ohio,LASST390000000000003,2001,1.7000000000000002
Ohio,LASST390000000000003,2002,0.3000000000000007
Ohio,LASST390000000000003,2003,0.0
Ohio,LASST390000000000003,2004,0.3000000000000007
Ohio,LASST390000000000003,2005,-0.7000000000000002
Ohio,LASST390000000000003,2006,-0.09999999999999964
Ohio,LASST390000000000003,2007,0.1999999999999993
Ohio,LASST390000000000003,2008,2.5999999999999996
Ohio,LASST390000000000003,2009,2.3000000000000007
Ohio,LASST390000000000003,2010,-1.5999999999999996
Ohio,LASST390000000000003,2011,-1.3000000000000007
Ohio,LASST390000000000003,2012,-0.2999999999999998
Ohio,LASST390000000000003,2013,-0.5999999999999996
Ohio,LASST390000000000003,2014,-1.3999999999999995
Ohio,LASST390000000000003,2015,-0.1999999999999993
Ohio,LASST390000000000003,2016,0.20000000000000018
Oklahoma,LASST400000000000003,1996,-0.3000000000000007
Oklahoma,LASST400000000000003,1997,-0.30000000000000027
Oklahoma,LASST400000000000003,1998,0.19999999999999973
Oklahoma,LASST400000000000003,1999,-0.7999999999999998
Oklahoma,LASST400000000000003,2000,-0.30000000000000027
Oklahoma,LASST400000000000003,2001,1.5
Oklahoma,LASST400000000000003,2002,0.5
Oklahoma,LASST400000000000003,2003,0.09999999999999964
Oklahoma,LASST400000000000003,2004,-0.5
Oklahoma,LASST400000000000003,2005,-0.6000000000000005
Oklahoma,LASST400000000000003,2006,0.20000000000000018
Oklahoma,LASST400000000000003,2007,-0.6000000000000001
Oklahoma,LASST400000000000003,2008,1.2000000000000002
Oklahoma,LASST400000000000003,2009,1.9000000000000004
Oklahoma,LASST400000000000003,2010,-0.6999999999999993
Oklahoma,LASST400000000000003,2011,-0.6000000000000005
Oklahoma,LASST400000000000003,2012,-0.20000000000000018
Oklahoma,LASST400000000000003,2013,-0.20000000000000018
Oklahoma,LASST400000000000003,2014,-0.7999999999999998
Oklahoma,LASST400000000000003,2015,0.2999999999999998
Oklahoma,LASST400000000000003,2016,0.10000000000000053
Oregon,LASST410000000000003,1996,0.5999999999999996
Oregon,LASST410000000000003,1997,-0.5999999999999996
Oregon,LASST410000000000003,1998,0.5
Oregon,LASST410000000000003,1999,-0.7000000000000002
Oregon,LASST410000000000003,2000,0.20000000000000018
Oregon,LASST410000000000003,2001,2.5
Oregon,LASST410000000000003,2002,-0.3000000000000007
Oregon,LASST410000000000003,2003,0.0
Oregon,LASST410000000000003,2004,-1.0
Oregon,LASST410000000000003,2005,-0.8999999999999995
Oregon,LASST410000000000003,2006,-0.39999999999999947
Oregon,LASST410000000000003,2007,0.20000000000000018
Oregon,LASST410000000000003,2008,4.3
Oregon,LASST410000000000003,2009,0.5999999999999996
Oregon,LASST410000000000003,2010,-0.8000000000000007
Oregon,LASST410000000000003,2011,-0.7000000000000011
Oregon,LASST410000000000003,2012,-0.5
Oregon,LASST410000000000003,2013,-1.2000000000000002
Oregon,LASST410000000000003,2014,-1.2000000000000002
Oregon,LASST410000000000003,2015,-0.9000000000000004
Oregon,LASST410000000000003,2016,-0.7999999999999998
Pennsylvania,LASST420000000000003,1996,-0.7000000000000002
Pennsylvania,LASST420000000000003,1997,-0.5999999999999996
Pennsylvania,LASST420000000000003,1998,-0.20000000000000018
Pennsylvania,LASST420000000000003,1999,-0.2999999999999998
Pennsylvania,LASST420000000000003,2000,0.20000000000000018
Pennsylvania,LASST420000000000003,2001,1.1000000000000005
Pennsylvania,LASST420000000000003,2002,0.2999999999999998
Pennsylvania,LASST420000000000003,2003,-0.2999999999999998
Pennsylvania,LASST420000000000003,2004,-0.20000000000000018
Pennsylvania,LASST420000000000003,2005,-0.5
Pennsylvania,LASST420000000000003,2006,-0.2999999999999998
Pennsylvania,LASST420000000000003,2007,0.40000000000000036
Pennsylvania,LASST420000000000003,2008,1.8999999999999995
Pennsylvania,LASST420000000000003,2009,1.5999999999999996
Pennsylvania,LASST420000000000003,2010,-0.6999999999999993
Pennsylvania,LASST420000000000003,2011,-0.10000000000000053
Pennsylvania,LASST420000000000003,2012,0.20000000000000018
Pennsylvania,LASST420000000000003,2013,-1.2000000000000002
Pennsylvania,LASST420000000000003,2014,-1.0999999999999996
Pennsylvania,LASST420000000000003,2015,-0.20000000000000018
Pennsylvania,LASST420000000000003,2016,0.0
PuertoRico,LASST720000000000003,1996,-1.200000000000001
PuertoRico,LASST720000000000003,1997,1.700000000000001
PuertoRico,LASST720000000000003,1998,-1.0999999999999996
PuertoRico,LASST720000000000003,1999,-1.0
PuertoRico,LASST720000000000003,2000,-1.1999999999999993
PuertoRico,LASST720000000000003,2001,1.0
PuertoRico,LASST720000000000003,2002,0.5
PuertoRico,LASST720000000000003,2003,-0.5
PuertoRico,LASST720000000000003,2004,-1.0
PuertoRico,LASST720000000000003,2005,0.8000000000000007
PuertoRico,LASST720000000000003,2006,-0.8000000000000007
PuertoRico,LASST720000000000003,2007,0.8999999999999986
PuertoRico,LASST720000000000003,2008,2.5999999999999996
PuertoRico,LASST720000000000003,2009,1.9000000000000004
PuertoRico,LASST720000000000003,2010,0.0
PuertoRico,LASST720000000000003,2011,-0.7999999999999989
PuertoRico,LASST720000000000003,2012,-1.0
PuertoRico,LASST720000000000003,2013,0.8000000000000007
PuertoRico,LASST720000000000003,2014,-2.3000000000000007
PuertoRico,LASST720000000000003,2015,-0.29999999999999893
PuertoRico,LASST720000000000003,2016,0.20000000000000107
RhodeIsland,LASST440000000000003,1996,-0.5
RhodeIsland,LASST440000000000003,1997,-0.39999999999999947
RhodeIsland,LASST440000000000003,1998,-0.5
RhodeIsland,LASST440000000000003,1999,-0.20000000000000018
RhodeIsland,LASST440000000000003,2000,0.09999999999999964
RhodeIsland,LASST440000000000003,2001,0.5999999999999996
RhodeIsland,LASST440000000000003,2002,0.5
RhodeIsland,LASST440000000000003,2003,0.0
RhodeIsland,LASST440000000000003,2004,-0.2999999999999998
RhodeIsland,LASST440000000000003,2005,0.09999999999999964
RhodeIsland,LASST440000000000003,2006,-0.2999999999999998
RhodeIsland,LASST440000000000003,2007,1.2999999999999998
RhodeIsland,LASST440000000000003,2008,3.499999999999999
RhodeIsland,LASST440000000000003,2009,1.0
RhodeIsland,LASST440000000000003,2010,0.0
RhodeIsland,LASST440000000000003,2011,0.1999999999999993
RhodeIsland,LASST440000000000003,2012,-1.5999999999999996
RhodeIsland,LASST440000000000003,2013,-0.5
RhodeIsland,LASST440000000000003,2014,-2.1000000000000005
RhodeIsland,LASST440000000000003,2015,-1.0999999999999996
RhodeIsland,LASST440000000000003,2016,-0.7000000000000002
SouthCarolina,LASST450000000000003,1996,0.2999999999999998
SouthCarolina,LASST450000000000003,1997,-1.8999999999999995
SouthCarolina,LASST450000000000003,1998,0.49999999999999956
SouthCarolina,LASST450000000000003,1999,0.0
SouthCarolina,LASST450000000000003,2000,0.0
SouthCarolina,LASST450000000000003,2001,1.7000000000000002
SouthCarolina,LASST450000000000003,2002,0.39999999999999947
SouthCarolina,LASST450000000000003,2003,0.40000000000000036
SouthCarolina,LASST450000000000003,2004,0.0
SouthCarolina,LASST450000000000003,2005,-0.09999999999999964
SouthCarolina,LASST450000000000003,2006,-0.5
SouthCarolina,LASST450000000000003,2007,-0.3000000000000007
SouthCarolina,LASST450000000000003,2008,3.5999999999999996
SouthCarolina,LASST450000000000003,2009,1.8999999999999986
SouthCarolina,LASST450000000000003,2010,-0.8999999999999986
SouthCarolina,LASST450000000000003,2011,-0.6999999999999993
SouthCarolina,LASST450000000000003,2012,-1.3000000000000007
SouthCarolina,LASST450000000000003,2013,-1.8000000000000007
SouthCarolina,LASST450000000000003,2014,0.09999999999999964
SouthCarolina,LASST450000000000003,2015,-1.0
SouthCarolina,LASST450000000000003,2016,-0.8000000000000007
SouthDakota,LASST460000000000003,1996,-0.10000000000000009
SouthDakota,LASST460000000000003,1997,-0.20000000000000018
SouthDakota,LASST460000000000003,1998,-0.10000000000000009
SouthDakota,LASST460000000000003,1999,-0.2999999999999998
SouthDakota,LASST460000000000003,2000,0.20000000000000018
SouthDakota,LASST460000000000003,2001,0.6999999999999997
SouthDakota,LASST460000000000003,2002,-0.10000000000000009
SouthDakota,LASST460000000000003,2003,0.30000000000000027
SouthDakota,LASST460000000000003,2004,0.2999999999999998
SouthDakota,LASST460000000000003,2005,-0.5
SouthDakota,LASST460000000000003,2006,-0.10000000000000009
SouthDakota,LASST460000000000003,2007,-0.2999999999999998
SouthDakota,LASST460000000000003,2008,1.4
SouthDakota,LASST460000000000003,2009,0.7999999999999998
SouthDakota,LASST460000000000003,2010,-0.09999999999999964
SouthDakota,LASST460000000000003,2011,-0.5999999999999996
SouthDakota,LASST460000000000003,2012,-0.40000000000000036
SouthDakota,LASST460000000000003,2013,-0.3999999999999999
SouthDakota,LASST460000000000003,2014,-0.30000000000000027
SouthDakota,LASST460000000000003,2015,-0.3999999999999999
SouthDakota,LASST460000000000003,2016,0.20000000000000018
Tennessee,LASST470000000000003,1996,0.5
Tennessee,LASST470000000000003,1997,-1.0
Tennessee,LASST470000000000003,1998,-0.20000000000000018
Tennessee,LASST470000000000003,1999,-0.40000000000000036
Tennessee,LASST470000000000003,2000,0.19999999999999973
Tennessee,LASST470000000000003,2001,1.8000000000000003
Tennessee,LASST470000000000003,2002,-0.7999999999999998
Tennessee,LASST470000000000003,2003,0.3000000000000007
Tennessee,LASST470000000000003,2004,0.5
Tennessee,LASST470000000000003,2005,-0.6000000000000005
Tennessee,LASST470000000000003,2006,-0.5999999999999996
Tennessee,LASST470000000000003,2007,0.9000000000000004
Tennessee,LASST470000000000003,2008,3.0999999999999996
Tennessee,LASST470000000000003,2009,1.4000000000000004
Tennessee,LASST470000000000003,2010,-0.9000000000000004
Tennessee,LASST470000000000003,2011,-1.4000000000000004
Tennessee,LASST470000000000003,2012,-0.10000000000000053
Tennessee,LASST470000000000003,2013,-0.8000000000000007
Tennessee,LASST470000000000003,2014,-0.5
Tennessee,LASST470000000000003,2015,-1.2999999999999998
Tennessee,LASST470000000000003,2016,-0.20000000000000018
Texas,LASST480000000000003,1996,-0.5
Texas,LASST480000000000003,1997,-0.7999999999999998
Texas,LASST480000000000003,1998,-0.20000000000000018
Texas,LASST480000000000003,1999,0.10000000000000053
Texas,LASST480000000000003,2000,-0.5999999999999996
Texas,LASST480000000000003,2001,1.9000000000000004
Texas,LASST480000000000003,2002,0.5
Texas,LASST480000000000003,2003,-0.2999999999999998
Texas,LASST480000000000003,2004,-0.40000000000000036
Texas,LASST480000000000003,2005,-0.5
Texas,LASST480000000000003,2006,-0.7999999999999998
Texas,LASST480000000000003,2007,-0.10000000000000053
Texas,LASST480000000000003,2008,1.5
Texas,LASST480000000000003,2009,2.200000000000001
Texas,LASST480000000000003,2010,-0.20000000000000107
Texas,LASST480000000000003,2011,-0.7999999999999998
Texas,LASST480000000000003,2012,-0.5999999999999996
Texas,LASST480000000000003,2013,-0.7000000000000002
Texas,LASST480000000000003,2014,-1.1000000000000005
Texas,LASST480000000000003,2015,-0.09999999999999964
Texas,LASST480000000000003,2016,0.39999999999999947
Utah,LASST490000000000003,1996,-0.10000000000000009
Utah,LASST490000000000003,1997,0.10000000000000009
Utah,LASST490000000000003,1998,0.20000000000000018
Utah,LASST490000000000003,1999,-0.5
Utah,LASST490000000000003,2000,0.6999999999999997
Utah,LASST490000000000003,2001,1.4000000000000004
Utah,LASST490000000000003,2002,0.5
Utah,LASST490000000000003,2003,-0.5
Utah,LASST490000000000003,2004,-0.7999999999999998
Utah,LASST490000000000003,2005,-0.7000000000000002
Utah,LASST490000000000003,2006,-1.0
Utah,LASST490000000000003,2007,0.5
Utah,LASST490000000000003,2008,2.5
Utah,LASST490000000000003,2009,1.5999999999999996
Utah,LASST490000000000003,2010,-0.3000000000000007
Utah,LASST490000000000003,2011,-1.5
Utah,LASST490000000000003,2012,-0.9000000000000004
Utah,LASST490000000000003,2013,-0.7999999999999998
Utah,LASST490000000000003,2014,-0.49999999999999956
Utah,LASST490000000000003,2015,0.0
Utah,LASST490000000000003,2016,-0.30000000000000027
Vermont,LASST500000000000003,1996,-0.09999999999999964
Vermont,LASST500000000000003,1997,-0.5
Vermont,LASST500000000000003,1998,-0.3999999999999999
Vermont,LASST500000000000003,1999,-0.3999999999999999
Vermont,LASST500000000000003,2000,0.2999999999999998
Vermont,LASST500000000000003,2001,0.7000000000000002
Vermont,LASST500000000000003,2002,0.5999999999999996
Vermont,LASST500000000000003,2003,-0.3000000000000007
Vermont,LASST500000000000003,2004,-0.5
Vermont,LASST500000000000003,2005,0.10000000000000009
Vermont,LASST500000000000003,2006,0.3999999999999999
Vermont,LASST500000000000003,2007,0.30000000000000027
Vermont,LASST500000000000003,2008,1.4000000000000004
Vermont,LASST500000000000003,2009,0.20000000000000018
Vermont,LASST500000000000003,2010,-0.39999999999999947
Vermont,LASST500000000000003,2011,-0.5999999999999996
Vermont,LASST500000000000003,2012,-0.5
Vermont,LASST500000000000003,2013,-0.39999999999999947
Vermont,LASST500000000000003,2014,-0.2999999999999998
Vermont,LASST500000000000003,2015,-0.3999999999999999
Vermont,LASST500000000000003,2016,-0.19999999999999973
Virginia,LASST510000000000003,1996,0.0
Virginia,LASST510000000000003,1997,-1.4
Virginia,LASST510000000000003,1998,-0.20000000000000018
Virginia,LASST510000000000003,1999,0.0
Virginia,LASST510000000000003,2000,-0.3999999999999999
Virginia,LASST510000000000003,2001,1.9000000000000004
Virginia,LASST510000000000003,2002,0.0
Virginia,LASST510000000000003,2003,-0.30000000000000027
Virginia,LASST510000000000003,2004,-0.19999999999999973
Virginia,LASST510000000000003,2005,-0.40000000000000036
Virginia,LASST510000000000003,2006,-0.20000000000000018
Virginia,LASST510000000000003,2007,0.3999999999999999
Virginia,LASST510000000000003,2008,1.6999999999999997
Virginia,LASST510000000000003,2009,1.9000000000000004
Virginia,LASST510000000000003,2010,-0.6000000000000005
Virginia,LASST510000000000003,2011,-0.2999999999999998
Virginia,LASST510000000000003,2012,-0.5
Virginia,LASST510000000000003,2013,-0.2999999999999998
Virginia,LASST510000000000003,2014,-0.5999999999999996
Virginia,LASST510000000000003,2015,-0.8000000000000007
Virginia,LASST510000000000003,2016,0.0
Washington,LASST530000000000003,1996,-0.9000000000000004
Washington,LASST530000000000003,1997,-0.7000000000000002
Washington,LASST530000000000003,1998,0.20000000000000018
Washington,LASST530000000000003,1999,0.10000000000000053
Washington,LASST530000000000003,2000,0.5
Washington,LASST530000000000003,2001,1.7000000000000002
Washington,LASST530000000000003,2002,-0.10000000000000053
Washington,LASST530000000000003,2003,-0.40000000000000036
Washington,LASST530000000000003,2004,-1.1000000000000005
Washington,LASST530000000000003,2005,-0.5999999999999996
Washington,LASST530000000000003,2006,-0.1999999999999993
Washington,LASST530000000000003,2007,-0.09999999999999964
Washington,LASST530000000000003,2008,2.0
Washington,LASST530000000000003,2009,3.3000000000000007
Washington,LASST530000000000003,2010,-0.7000000000000011
Washington,LASST530000000000003,2011,-0.7999999999999989
Washington,LASST530000000000003,2012,-1.1999999999999993
Washington,LASST530000000000003,2013,-0.8000000000000007
Washington,LASST530000000000003,2014,-0.7000000000000002
Washington,LASST530000000000003,2015,-0.2999999999999998
Washington,LASST530000000000003,2016,-0.5999999999999996
WestVirginia,LASST540000000000003,1996,-0.5999999999999996
WestVirginia,LASST540000000000003,1997,-0.5999999999999996
WestVirginia,LASST540000000000003,1998,-0.2999999999999998
WestVirginia,LASST540000000000003,1999,-0.5
WestVirginia,LASST540000000000003,2000,-0.39999999999999947
WestVirginia,LASST540000000000003,2001,0.0
WestVirginia,LASST540000000000003,2002,0.5999999999999996
WestVirginia,LASST540000000000003,2003,-0.39999999999999947
WestVirginia,LASST540000000000003,2004,-0.39999999999999947
WestVirginia,LASST540000000000003,2005,-0.40000000000000036
WestVirginia,LASST540000000000003,2006,0.09999999999999964
WestVirginia,LASST540000000000003,2007,0.0
WestVirginia,LASST540000000000003,2008,0.7999999999999998
WestVirginia,LASST540000000000003,2009,2.7
WestVirginia,LASST540000000000003,2010,0.20000000000000107
WestVirginia,LASST540000000000003,2011,-1.1999999999999993
WestVirginia,LASST540000000000003,2012,0.0
WestVirginia,LASST540000000000003,2013,-0.5
WestVirginia,LASST540000000000003,2014,-0.40000000000000036
WestVirginia,LASST540000000000003,2015,-0.1999999999999993
WestVirginia,LASST540000000000003,2016,-0.9000000000000004
